mol,n_atoms,max_dist,type1,d0num,d0mean,d0std,d1num,d1mean,d1std,d2num,d2mean,d2std,d3num,d3mean,d3std,d4num,d4mean,d4std
ZINC00000238,19,7,c3,1,-0.16431,nan,1,0.25099,nan,3,-0.08484,0.06056,3,0.02416,0.01113,2,0.02462,0.05123
ZINC00000344,22,7,c3,1,-0.24412,nan,1,0.22482,nan,3,-0.09450,0.05962,6,0.03329,0.01765,2,-0.04314,0.00443
ZINC00001575,25,8,ca,1,-0.31403,nan,1,0.34522,nan,2,-0.13423,0.02710,4,0.01821,0.04418,4,0.00655,0.01668
ZINC00008678,32,7,ca,1,-0.28510,nan,1,0.31244,nan,2,-0.11271,0.00000,4,-0.01045,0.06812,3,0.04941,0.01461
ZINC00013615,15,7,ca,1,-0.30056,nan,1,0.30691,nan,2,-0.09768,0.00000,4,-0.00784,0.05257,3,0.02237,0.00410
ZINC00013616,15,6,ca,1,-0.28403,nan,1,0.31150,nan,2,-0.10626,0.01079,4,-0.01097,0.06031,3,0.04497,0.02903
ZINC00014362,21,10,ca,1,-0.31556,nan,1,0.31322,nan,2,-0.08841,0.00000,4,-0.01227,0.05532,3,0.01914,0.00009
ZINC00016193,20,7,ca,1,-0.28613,nan,1,0.34463,nan,2,-0.15429,0.04639,4,0.02889,0.05361,7,0.00003,0.01398
ZINC00018493,27,7,ca,1,-0.33933,nan,1,0.37514,nan,2,-0.17191,0.08539,4,0.03311,0.07014,4,0.00319,0.02549
ZINC00027842,26,13,cc,1,-0.36024,nan,1,0.37802,nan,2,-0.09655,0.11661,3,-0.02035,0.11191,2,0.04383,0.05068
ZINC00027887,24,11,c3,1,-0.26824,nan,1,0.52422,nan,3,-0.13655,0.01168,3,0.00894,0.02511,4,-0.00005,0.01169
ZINC00027888,24,11,c3,1,-0.26172,nan,1,0.47273,nan,3,-0.12352,0.01797,3,0.00539,0.03614,4,0.00411,0.01259
ZINC00028474,24,13,cc,1,-0.35562,nan,1,0.37631,nan,2,-0.09816,0.11601,3,-0.01910,0.11102,2,0.04288,0.04989
ZINC00029988,24,12,ca,1,-0.30424,nan,1,0.32192,nan,2,-0.11220,0.00000,4,0.00199,0.04404,3,0.01309,0.00588
ZINC00032377,27,9,ca,1,-0.33003,nan,1,0.34058,nan,2,-0.11742,0.03682,4,-0.00628,0.05542,5,0.02051,0.01907
ZINC00033142,25,8,cc,1,-0.39121,nan,1,0.49684,nan,2,-0.23138,0.08498,4,0.04146,0.07478,5,-0.00682,0.04128
ZINC00033175,34,13,ca,1,-0.30118,nan,1,0.31795,nan,2,-0.10580,0.00000,4,-0.00112,0.04460,3,0.01367,0.00608
ZINC00033275,28,9,cc,1,-0.33864,nan,1,0.44928,nan,2,-0.21209,0.09051,4,0.03909,0.05157,3,0.00918,0.02170
ZINC00033290,24,11,ca,1,-0.29541,nan,1,0.29668,nan,2,-0.08558,0.00000,4,-0.01272,0.05397,3,0.02494,0.00918
ZINC00033530,26,10,ca,1,-0.30526,nan,1,0.33258,nan,2,-0.11552,0.00654,4,-0.00385,0.05649,3,0.03416,0.02237
ZINC00033531,26,9,ca,1,-0.30606,nan,1,0.31442,nan,2,-0.09340,0.00312,4,-0.01838,0.06634,3,0.03971,0.02224
ZINC00033532,26,9,ca,1,-0.29900,nan,1,0.30982,nan,2,-0.09194,0.00610,4,-0.01929,0.06656,3,0.04119,0.02401
ZINC00033533,26,10,ca,1,-0.30647,nan,1,0.33371,nan,2,-0.11861,0.00974,4,-0.00268,0.05694,3,0.03722,0.03089
ZINC00033651,14,8,cd,1,-0.27220,nan,1,0.28076,nan,2,-0.09405,0.09299,3,0.01584,0.04943,2,-0.00093,0.01869
ZINC00033741,28,8,ca,1,-0.43568,nan,1,0.54257,nan,2,-0.29915,0.01003,4,0.09542,0.05989,5,-0.03272,0.04480
ZINC00034198,30,10,ca,1,-0.32445,nan,1,0.34929,nan,2,-0.13117,0.04813,4,0.00295,0.05443,5,0.01532,0.01804
ZINC00035731,19,7,cd,1,-0.36994,nan,1,0.44883,nan,2,-0.18931,0.01236,4,0.02556,0.02833,3,0.00944,0.00445
ZINC00037174,22,7,ca,1,-0.30160,nan,1,0.33023,nan,2,-0.13378,0.05210,4,0.01087,0.05065,5,0.01101,0.01548
ZINC00037711,23,9,ca,1,-0.27932,nan,1,0.31457,nan,2,-0.11971,0.00903,4,0.00646,0.04129,3,0.01826,0.02341
ZINC00039651,17,7,ca,1,-0.29974,nan,1,0.30883,nan,2,-0.09230,0.00991,4,-0.01425,0.05657,3,0.03059,0.00894
ZINC00039675,23,12,ca,1,-0.30276,nan,1,0.31764,nan,2,-0.10310,0.00000,4,-0.00548,0.04954,3,0.01953,0.00052
ZINC00039870,28,8,cd,1,-0.36265,nan,1,0.40951,nan,2,-0.14581,0.01695,4,-0.00407,0.06576,3,0.03762,0.01648
ZINC00039871,28,8,cd,1,-0.36147,nan,1,0.41033,nan,2,-0.14621,0.01161,4,-0.00463,0.06564,3,0.04510,0.02507
ZINC00039872,28,8,cd,1,-0.36842,nan,1,0.42116,nan,2,-0.15385,0.01567,4,-0.00305,0.06780,3,0.04773,0.02840
ZINC00039873,28,9,cd,1,-0.37842,nan,1,0.44211,nan,2,-0.16017,0.00062,4,-0.00283,0.07117,3,0.04437,0.02675
ZINC00040691,31,12,ca,1,-0.30118,nan,1,0.30950,nan,2,-0.09592,0.00000,4,-0.01133,0.05581,3,0.02717,0.01121
ZINC00040856,25,10,ca,1,-0.30132,nan,1,0.29537,nan,2,-0.08206,0.01028,4,-0.01862,0.06897,3,0.04390,0.02808
ZINC00046043,28,13,ca,1,-0.28592,nan,1,0.29331,nan,2,-0.09405,0.00000,4,-0.00556,0.04807,3,0.02007,0.00631
ZINC00046078,30,11,ca,1,-0.26347,nan,1,0.27272,nan,2,-0.09019,0.00703,4,-0.01424,0.04450,6,0.02142,0.01570
ZINC00046195,24,11,ca,1,-0.27715,nan,1,0.28410,nan,2,-0.08930,0.00000,4,-0.00794,0.04893,3,0.02315,0.01036
ZINC00046401,20,10,ca,1,-0.32450,nan,1,0.33523,nan,2,-0.10756,0.00000,4,-0.00590,0.05363,3,0.01994,0.00128
ZINC00046415,33,10,ca,1,-0.35151,nan,1,0.39801,nan,2,-0.17016,0.07249,4,0.02163,0.07538,4,-0.00138,0.07067
ZINC00047487,26,12,ca,1,-0.27921,nan,1,0.29062,nan,2,-0.09318,0.00000,4,-0.00523,0.04613,3,0.01933,0.00562
ZINC00047745,26,10,cd,1,-0.29895,nan,1,0.40354,nan,2,-0.16844,0.02372,4,0.01646,0.03336,5,0.02110,0.02905
ZINC00047877,19,8,ca,1,-0.32479,nan,1,0.34555,nan,2,-0.11749,0.00005,4,-0.00640,0.05893,3,0.03733,0.01898
ZINC00048383,20,10,cd,1,-0.31622,nan,1,0.35184,nan,2,-0.09776,0.07214,3,-0.02066,0.08617,2,0.05346,0.05968
ZINC00048567,30,13,ca,1,-0.25934,nan,1,0.27330,nan,2,-0.09459,0.00232,4,-0.00315,0.03056,6,0.01009,0.00405
ZINC00049647,14,6,cd,1,-0.35703,nan,1,0.49667,nan,2,-0.24014,0.06906,4,0.04694,0.04946,2,0.01200,0.04727
ZINC00050315,32,14,ca,1,-0.27821,nan,1,0.31961,nan,2,-0.12263,0.01290,4,0.00502,0.04263,3,0.02561,0.02521
ZINC00054667,20,9,ca,1,-0.31110,nan,1,0.32730,nan,2,-0.10936,0.00000,4,-0.00136,0.04687,3,0.01544,0.00390
ZINC00054774,27,8,ca,1,-0.31547,nan,1,0.36139,nan,2,-0.16889,0.06277,4,0.03848,0.05575,5,-0.00358,0.01705
ZINC00054778,27,13,ca,1,-0.29724,nan,1,0.31369,nan,2,-0.10228,0.00000,4,-0.00459,0.04787,3,0.01832,0.00010
ZINC00054848,27,11,ca,1,-0.31949,nan,1,0.31932,nan,2,-0.09243,0.00000,4,-0.01143,0.05530,3,0.02101,0.00048
ZINC00055205,23,12,ca,1,-0.28891,nan,1,0.29542,nan,2,-0.09047,0.00000,4,-0.00861,0.05049,3,0.02190,0.00723
ZINC00055240,24,10,ca,1,-0.30309,nan,1,0.31181,nan,2,-0.10168,0.00000,4,-0.00194,0.04639,3,0.01292,0.00882
ZINC00055417,23,9,ca,1,-0.31648,nan,1,0.33489,nan,2,-0.11679,0.00946,4,-0.00260,0.05695,3,0.03757,0.02878
ZINC00055486,29,13,ca,1,-0.30187,nan,1,0.30588,nan,2,-0.09368,0.00000,4,-0.00809,0.05204,3,0.02071,0.00495
ZINC00055722,27,10,cd,1,-0.31664,nan,1,0.32799,nan,2,-0.07648,0.10153,3,-0.02643,0.10680,2,0.06367,0.07656
ZINC00058569,24,12,ca,1,-0.31204,nan,1,0.32837,nan,2,-0.11178,0.00000,4,-0.00087,0.04794,3,0.01537,0.00552
ZINC00058680,27,13,ca,1,-0.29494,nan,1,0.30408,nan,2,-0.09367,0.00000,4,-0.00835,0.05032,3,0.01949,0.00106
ZINC00060933,26,9,ca,1,-0.32952,nan,1,0.34051,nan,2,-0.11843,0.02965,4,-0.00479,0.05474,5,0.02000,0.01829
ZINC00061255,26,13,ca,1,-0.28689,nan,1,0.29869,nan,2,-0.09548,0.00000,4,-0.00668,0.04884,3,0.02199,0.00842
ZINC00061485,27,9,cd,1,-0.41135,nan,1,0.55246,nan,2,-0.22403,0.00092,4,0.01654,0.03516,5,0.02364,0.02527
ZINC00061488,25,11,ca,1,-0.29698,nan,1,0.30666,nan,2,-0.09409,0.00000,4,-0.00692,0.04834,3,0.01693,0.00102
ZINC00061500,21,8,ca,1,-0.33475,nan,1,0.37953,nan,2,-0.15462,0.04933,4,0.01695,0.05505,5,0.00595,0.02330
ZINC00061524,27,9,ca,1,-0.33680,nan,1,0.34172,nan,2,-0.11502,0.03146,4,-0.00743,0.05737,5,0.02025,0.01982
ZINC00061712,30,12,ca,1,-0.30366,nan,1,0.32003,nan,2,-0.10581,0.00000,4,-0.00241,0.04655,3,0.01539,0.00426
ZINC00061831,19,6,ca,1,-0.30756,nan,1,0.29699,nan,2,-0.09384,0.02410,4,-0.00761,0.06799,5,0.01437,0.03407
ZINC00062367,27,9,ca,1,-0.26430,nan,1,0.31607,nan,2,-0.13426,0.00957,4,0.01249,0.02556,6,0.00743,0.00886
ZINC00064893,30,13,ca,1,-0.31423,nan,1,0.32103,nan,2,-0.09924,0.00000,4,-0.00666,0.05095,3,0.01839,0.00043
ZINC00064984,28,13,ca,1,-0.29980,nan,1,0.30741,nan,2,-0.09336,0.00000,4,-0.00804,0.05022,3,0.01809,0.00081
ZINC00065135,12,6,cd,1,-0.33068,nan,1,0.33321,nan,2,-0.08439,0.10531,3,-0.01320,0.08314,2,0.03230,0.03012
ZINC00065168,27,14,ca,1,-0.28936,nan,1,0.29901,nan,2,-0.09386,0.00000,4,-0.00763,0.04973,3,0.02243,0.00877
ZINC00065264,28,12,ca,1,-0.30134,nan,1,0.30807,nan,2,-0.09401,0.00000,4,-0.00740,0.04980,3,0.01795,0.00123
ZINC00065287,30,13,ca,1,-0.28853,nan,1,0.29536,nan,2,-0.09427,0.00000,4,-0.00642,0.04977,3,0.02087,0.00667
ZINC00065563,25,10,ca,1,-0.26142,nan,1,0.25248,nan,2,-0.06577,0.00000,4,-0.01731,0.05297,3,0.02849,0.01687
ZINC00065941,27,12,ca,1,-0.28688,nan,1,0.29108,nan,2,-0.09045,0.00000,4,-0.00783,0.04999,3,0.02174,0.00796
ZINC00067741,28,10,ca,1,-0.33117,nan,1,0.37278,nan,2,-0.17305,0.06618,4,0.03612,0.05763,5,0.00033,0.01664
ZINC00069104,22,8,ca,1,-0.31577,nan,1,0.30309,nan,2,-0.09726,0.02680,4,-0.00764,0.05892,5,0.01936,0.02097
ZINC00069721,25,12,ca,1,-0.30445,nan,1,0.32304,nan,2,-0.11242,0.00000,4,0.00120,0.04522,3,0.01408,0.00514
ZINC00070357,24,11,ca,1,-0.29495,nan,1,0.31372,nan,2,-0.10498,0.00000,4,-0.00388,0.04814,3,0.01913,0.00106
ZINC00072107,30,11,ca,1,-0.31438,nan,1,0.30779,nan,2,-0.08550,0.00000,4,-0.01237,0.05517,3,0.02052,0.00058
ZINC00073793,27,11,ca,1,-0.30253,nan,1,0.30732,nan,2,-0.09701,0.00027,4,-0.01272,0.06252,3,0.04243,0.02204
ZINC00073795,27,11,ca,1,-0.30357,nan,1,0.30768,nan,2,-0.09307,0.00031,4,-0.01444,0.06217,3,0.04113,0.02045
ZINC00075470,25,12,ca,1,-0.30998,nan,1,0.32711,nan,2,-0.10603,0.00000,4,-0.00420,0.04866,3,0.01734,0.00073
ZINC00077745,31,14,ca,1,-0.28889,nan,1,0.30079,nan,2,-0.09207,0.00000,4,-0.01104,0.05245,3,0.02504,0.00915
ZINC00078154,15,7,ca,1,-0.29912,nan,1,0.30717,nan,2,-0.10198,0.00620,4,-0.00672,0.05593,3,0.03497,0.01602
ZINC00078210,18,7,ca,1,-0.27312,nan,1,0.33327,nan,2,-0.14672,0.00559,4,0.02521,0.02480,5,0.00017,0.00501
ZINC00078961,20,9,ca,1,-0.31181,nan,1,0.33372,nan,2,-0.11580,0.00000,4,0.00089,0.04643,3,0.01432,0.00550
ZINC00080446,18,7,ca,1,-0.27175,nan,1,0.31289,nan,2,-0.12443,0.02681,4,0.00429,0.04560,3,0.03965,0.03630
ZINC00081090,17,8,ca,1,-0.29007,nan,1,0.32217,nan,2,-0.11412,0.01062,4,-0.00065,0.04881,3,0.02755,0.03567
ZINC00083425,29,11,ca,1,-0.30078,nan,1,0.31552,nan,2,-0.10415,0.00000,4,0.00401,0.03875,3,0.00278,0.02084
ZINC00083728,24,7,ca,1,-0.31268,nan,1,0.39830,nan,2,-0.19830,0.04451,4,0.04585,0.04237,4,-0.00939,0.02428
ZINC00085085,19,7,cd,1,-0.27486,nan,1,0.35517,nan,2,-0.14575,0.01693,4,0.01589,0.02440,5,0.00637,0.01448
ZINC00085137,20,7,ca,1,-0.32236,nan,1,0.30795,nan,2,-0.08418,0.00028,4,-0.01526,0.06767,5,0.01257,0.03116
ZINC00085138,23,7,ca,1,-0.31667,nan,1,0.31402,nan,2,-0.09858,0.02567,4,-0.01086,0.05747,5,0.01817,0.01772
ZINC00085759,17,5,c3,1,-0.17644,nan,1,0.22635,nan,3,-0.06563,0.03808,3,0.00960,0.02781,5,0.00685,0.00651
ZINC00085761,17,6,c3,1,-0.22726,nan,1,0.12567,nan,3,-0.03943,0.06347,3,0.04268,0.05694,5,-0.01224,0.01225
ZINC00086078,31,7,c3,1,-0.29565,nan,1,0.82899,nan,3,-0.26000,0.06538,4,0.00421,0.03499,9,0.01926,0.02165
ZINC00086079,31,7,c3,1,-0.30519,nan,1,0.88134,nan,3,-0.26819,0.05386,4,0.00488,0.03740,9,0.01825,0.02545
ZINC00088350,29,8,ca,1,-0.31795,nan,1,0.32234,nan,2,-0.10443,0.02832,4,-0.00918,0.05861,5,0.01803,0.02327
ZINC00088594,17,8,ca,1,-0.29018,nan,1,0.30725,nan,2,-0.10371,0.00000,4,-0.00536,0.04996,3,0.02471,0.01069
ZINC00088695,35,9,c1,1,-0.38617,nan,1,0.50588,nan,1,-0.33144,nan,1,-0.02052,nan,3,0.01205,0.02992
ZINC00089487,24,12,ca,1,-0.29267,nan,1,0.30971,nan,2,-0.10069,0.00000,4,-0.00543,0.04803,3,0.01872,0.00006
ZINC00089580,27,10,ca,1,-0.27523,nan,1,0.30572,nan,2,-0.11271,0.02047,4,0.00003,0.05342,3,0.02798,0.01716
ZINC00090497,29,7,ca,1,-0.27340,nan,1,0.32278,nan,2,-0.14421,0.05028,4,0.02344,0.05299,4,-0.00613,0.05462
ZINC00091662,21,9,ca,1,-0.32116,nan,1,0.33672,nan,2,-0.11414,0.00000,4,-0.00079,0.04898,3,0.01449,0.00811
ZINC00095891,28,10,ca,1,-0.34610,nan,1,0.35172,nan,2,-0.12286,0.03483,4,-0.00471,0.05744,5,0.02038,0.01957
ZINC00096675,18,9,ca,1,-0.28988,nan,1,0.29610,nan,2,-0.09126,0.00000,4,-0.01009,0.05237,3,0.02612,0.01326
ZINC00096770,24,10,ca,1,-0.29629,nan,1,0.31663,nan,2,-0.10510,0.02055,4,-0.00523,0.05300,3,0.03418,0.03652
ZINC00096957,30,8,cc,1,-0.29645,nan,1,0.33276,nan,2,-0.12230,0.04152,4,0.00205,0.03574,6,0.01811,0.01476
ZINC00099830,21,9,ca,1,-0.28340,nan,1,0.30288,nan,2,-0.10352,0.00903,4,0.00374,0.03757,3,0.00676,0.00909
ZINC00101085,24,9,ca,1,-0.30883,nan,1,0.31207,nan,2,-0.09413,0.00000,4,-0.00159,0.04297,3,0.00495,0.02088
ZINC00101326,30,8,ca,1,-0.32092,nan,1,0.35577,nan,2,-0.16684,0.07370,4,0.03878,0.06474,5,-0.00254,0.02115
ZINC00102535,29,12,ca,1,-0.29801,nan,1,0.30723,nan,2,-0.09590,0.00000,4,-0.00938,0.05281,3,0.02365,0.00690
ZINC00102538,29,12,ca,1,-0.30001,nan,1,0.30710,nan,2,-0.09263,0.00000,4,-0.01160,0.05465,3,0.02482,0.00774
ZINC00106247,30,9,ca,1,-0.25334,nan,1,0.24432,nan,2,-0.08057,0.01949,4,-0.00920,0.03933,6,0.01975,0.01521
ZINC00106611,29,12,ca,1,-0.30173,nan,1,0.30326,nan,2,-0.09301,0.00000,4,-0.00761,0.05129,3,0.02027,0.00450
ZINC00106621,22,7,c3,1,-0.19059,nan,1,0.32517,nan,3,-0.11037,0.06335,2,0.04689,0.00650,4,0.00220,0.01264
ZINC00106654,30,9,c3,1,-0.22225,nan,1,0.22612,nan,3,-0.07926,0.07116,6,0.01639,0.01837,8,0.00038,0.00380
ZINC00106663,30,8,c3,1,-0.27779,nan,1,0.44167,nan,3,-0.12260,0.02618,6,-0.00921,0.04106,8,0.01419,0.01308
ZINC00106871,33,8,cd,1,-0.32451,nan,1,0.41190,nan,2,-0.18098,0.00993,4,0.03548,0.04035,3,-0.02288,0.04212
ZINC00107846,28,9,ca,1,-0.27913,nan,1,0.34784,nan,2,-0.15792,0.03516,4,0.02268,0.03838,4,0.01308,0.01833
ZINC00108013,23,9,ca,1,-0.29483,nan,1,0.30411,nan,2,-0.10455,0.01537,4,-0.00133,0.03119,6,0.00593,0.01899
ZINC00111660,18,7,ca,1,-0.29758,nan,1,0.31695,nan,2,-0.10626,0.02722,4,-0.00665,0.05499,3,0.03104,0.01113
ZINC00112238,29,13,ca,1,-0.29947,nan,1,0.31259,nan,2,-0.09961,0.00038,4,-0.01108,0.05858,3,0.03720,0.01642
ZINC00116082,19,7,ca,1,-0.31597,nan,1,0.30919,nan,2,-0.09829,0.00206,4,-0.00449,0.04429,6,0.01495,0.01509
ZINC00117156,29,12,ca,1,-0.27911,nan,1,0.29811,nan,2,-0.10298,0.00467,4,-0.00184,0.04512,3,0.02051,0.00898
ZINC00117579,20,7,ca,1,-0.31236,nan,1,0.35318,nan,2,-0.14306,0.03007,4,0.01496,0.05899,4,0.01852,0.03422
ZINC00125057,27,11,ca,1,-0.30279,nan,1,0.30137,nan,2,-0.09468,0.00052,4,-0.01260,0.06566,3,0.04502,0.02698
ZINC00125060,27,13,ca,1,-0.31708,nan,1,0.32316,nan,2,-0.10333,0.00000,4,-0.00385,0.04981,3,0.01515,0.00722
ZINC00125546,29,14,ca,1,-0.30616,nan,1,0.32157,nan,2,-0.10645,0.00000,4,-0.00396,0.04944,3,0.01816,0.00196
ZINC00128847,23,9,ca,1,-0.30167,nan,1,0.31597,nan,2,-0.10354,0.00385,4,-0.00743,0.05489,3,0.03279,0.01646
ZINC00128850,23,9,ca,1,-0.36043,nan,1,0.39521,nan,2,-0.16760,0.07094,4,0.02115,0.07810,4,0.01136,0.04803
ZINC00129211,26,11,ca,1,-0.27647,nan,1,0.31593,nan,2,-0.12233,0.01348,4,0.00656,0.04126,3,0.02481,0.02729
ZINC00129217,23,9,ca,1,-0.28828,nan,1,0.32091,nan,2,-0.11935,0.00846,4,0.00455,0.04415,3,0.02893,0.04014
ZINC00129219,27,12,ca,1,-0.28257,nan,1,0.31751,nan,2,-0.12083,0.01681,4,0.00389,0.04550,3,0.03552,0.04591
ZINC00130052,27,13,ca,1,-0.32763,nan,1,0.33677,nan,2,-0.10034,0.00000,4,-0.00973,0.05421,3,0.01952,0.00186
ZINC00130079,30,13,ca,1,-0.30375,nan,1,0.31343,nan,2,-0.10020,0.00000,4,-0.00620,0.05060,3,0.01930,0.00005
ZINC00131366,23,10,ca,1,-0.30721,nan,1,0.34860,nan,2,-0.14145,0.01520,4,0.01142,0.03589,4,0.01917,0.02086
ZINC00131519,29,11,ca,1,-0.32021,nan,1,0.31829,nan,2,-0.10139,0.01636,4,-0.01425,0.07523,3,0.05219,0.02752
ZINC00131520,28,9,ca,1,-0.29960,nan,1,0.28158,nan,2,-0.06900,0.00214,4,-0.02915,0.08089,3,0.06031,0.03540
ZINC00131521,29,10,ca,1,-0.29606,nan,1,0.27964,nan,2,-0.06882,0.00633,4,-0.02866,0.07949,3,0.06035,0.03675
ZINC00131523,29,10,ca,1,-0.29583,nan,1,0.27872,nan,2,-0.06599,0.00514,4,-0.03072,0.08101,3,0.06239,0.03828
ZINC00133137,27,12,ca,1,-0.30203,nan,1,0.30499,nan,2,-0.08956,0.00351,4,-0.02200,0.07361,3,0.05563,0.03421
ZINC00133555,23,10,ca,1,-0.29605,nan,1,0.30542,nan,2,-0.09549,0.00299,4,-0.00860,0.05520,3,0.03140,0.02554
ZINC00134014,28,7,ca,1,-0.32498,nan,1,0.35005,nan,2,-0.14968,0.06215,4,0.03808,0.09380,5,-0.01306,0.04710
ZINC00134015,22,7,ca,1,-0.33308,nan,1,0.33351,nan,2,-0.10707,0.02478,4,-0.01088,0.05462,5,0.02067,0.01890
ZINC00134801,21,7,ca,1,-0.34914,nan,1,0.40662,nan,2,-0.18779,0.07696,4,0.03541,0.07001,4,0.00528,0.02773
ZINC00136124,27,9,ca,1,-0.31768,nan,1,0.37540,nan,2,-0.18179,0.02205,4,0.03603,0.04584,4,0.00176,0.03026
ZINC00138621,21,9,ca,1,-0.31452,nan,1,0.31431,nan,2,-0.09085,0.00000,4,-0.00969,0.05293,3,0.01607,0.00311
ZINC00140295,14,6,ca,1,-0.30563,nan,1,0.33985,nan,2,-0.13305,0.02539,4,0.01242,0.04717,4,0.01014,0.01571
ZINC00141594,36,13,ca,1,-0.28073,nan,1,0.31904,nan,2,-0.12364,0.00810,4,0.00693,0.04197,3,0.02220,0.02803
ZINC00142708,25,10,ca,1,-0.28746,nan,1,0.30322,nan,2,-0.09342,0.00937,4,-0.02026,0.07007,3,0.05484,0.03249
ZINC00144002,29,13,ca,1,-0.28367,nan,1,0.29567,nan,2,-0.09582,0.00000,4,-0.00672,0.04917,3,0.02362,0.01087
ZINC00145635,27,12,ca,1,-0.29912,nan,1,0.31606,nan,2,-0.10366,0.00000,4,-0.00555,0.05007,3,0.02045,0.00219
ZINC00148291,27,12,ca,1,-0.27755,nan,1,0.31369,nan,2,-0.12002,0.01599,4,0.00580,0.04211,3,0.02529,0.02745
ZINC00151214,29,11,ca,1,-0.28614,nan,1,0.31996,nan,2,-0.12317,0.01843,4,0.00328,0.05404,3,0.03177,0.01940
ZINC00151300,22,11,ca,1,-0.30429,nan,1,0.32033,nan,2,-0.10951,0.00000,4,-0.00034,0.04610,3,0.01530,0.00379
ZINC00152040,30,12,ca,1,-0.30863,nan,1,0.32348,nan,2,-0.10757,0.00000,4,-0.00266,0.04794,3,0.01663,0.00330
ZINC00152054,25,10,ca,1,-0.30810,nan,1,0.32265,nan,2,-0.10853,0.00000,4,-0.00191,0.04774,3,0.01681,0.00263
ZINC00152055,31,11,ca,1,-0.30066,nan,1,0.31650,nan,2,-0.10317,0.00000,4,-0.00360,0.04691,3,0.01539,0.00568
ZINC00152314,15,6,ca,1,-0.35000,nan,1,0.38689,nan,2,-0.17340,0.06303,4,0.03600,0.06431,4,-0.00030,0.02592
ZINC00153312,17,6,ca,1,-0.36722,nan,1,0.38216,nan,2,-0.13249,0.01469,4,0.00479,0.06058,4,0.00688,0.03814
ZINC00153443,21,7,ca,1,-0.38600,nan,1,0.53102,nan,2,-0.26770,0.03166,4,0.05974,0.04542,6,-0.00963,0.04262
ZINC00153729,20,7,ca,1,-0.29147,nan,1,0.28464,nan,2,-0.07815,0.01294,4,-0.02190,0.07191,3,0.05223,0.03036
ZINC00154987,16,7,ca,1,-0.30780,nan,1,0.31379,nan,2,-0.09977,0.00494,4,-0.01316,0.06431,3,0.04546,0.02488
ZINC00154993,19,6,cd,1,-0.34685,nan,1,0.43425,nan,2,-0.18619,0.01693,4,0.01602,0.05168,3,0.05581,0.03559
ZINC00156930,21,9,c3,1,-0.16812,nan,1,0.30481,nan,3,-0.09675,0.04709,2,0.01891,0.02246,1,0.05960,nan
ZINC00157004,17,6,ca,1,-0.30552,nan,1,0.29576,nan,2,-0.09335,0.00342,4,-0.00365,0.04123,6,0.00937,0.01180
ZINC00157048,27,11,ca,1,-0.28077,nan,1,0.29026,nan,2,-0.10069,0.00220,4,-0.00254,0.05142,3,0.02470,0.01322
ZINC00157316,22,10,ca,1,-0.30682,nan,1,0.30903,nan,2,-0.09301,0.00000,4,-0.00978,0.05343,3,0.02293,0.00469
ZINC00157342,15,5,cc,1,-0.37750,nan,1,0.44473,nan,2,-0.18541,0.00353,4,0.02102,0.01690,6,0.00751,0.00650
ZINC00157367,16,5,cd,1,-0.32221,nan,1,0.34998,nan,2,-0.11438,0.03761,4,-0.01311,0.04473,7,0.01419,0.00695
ZINC00157582,15,6,ca,1,-0.30420,nan,1,0.34167,nan,2,-0.12973,0.01606,4,0.00924,0.03738,5,0.00778,0.00689
ZINC00157880,21,6,cc,1,-0.36798,nan,1,0.47789,nan,2,-0.19006,0.02961,4,-0.00630,0.05079,6,0.01604,0.03223
ZINC00157906,16,7,ca,1,-0.30848,nan,1,0.33737,nan,2,-0.12024,0.00804,4,0.00281,0.03138,4,0.01138,0.01294
ZINC00157922,21,6,ca,1,-0.34249,nan,1,0.33180,nan,2,-0.10838,0.02654,4,-0.00499,0.03993,7,0.01416,0.01312
ZINC00158499,22,7,cd,1,-0.42127,nan,1,0.54973,nan,2,-0.25557,0.07677,4,0.03983,0.06381,5,0.00374,0.02101
ZINC00158660,14,6,ca,1,-0.35934,nan,1,0.45271,nan,2,-0.20281,0.02312,4,0.03186,0.04101,4,0.00524,0.01365
ZINC00158746,19,10,ca,1,-0.31279,nan,1,0.31526,nan,2,-0.09812,0.00000,4,-0.00612,0.05068,3,0.01874,0.00008
ZINC00158806,19,6,cc,1,-0.27392,nan,1,0.33193,nan,2,-0.12448,0.04354,4,0.00417,0.04471,7,0.00595,0.00616
ZINC00158821,23,9,cd,1,-0.36535,nan,1,0.44997,nan,2,-0.15972,0.03193,4,-0.01733,0.06500,4,0.04254,0.03573
ZINC00158853,26,9,ca,1,-0.30412,nan,1,0.31011,nan,2,-0.09484,0.00000,4,-0.00932,0.05330,3,0.02183,0.00552
ZINC00158885,20,9,ca,1,-0.31436,nan,1,0.32543,nan,2,-0.10589,0.00000,4,-0.00247,0.04812,3,0.01325,0.00907
ZINC00158923,23,10,ca,1,-0.38202,nan,1,0.52485,nan,2,-0.26449,0.03444,4,0.06077,0.02036,2,-0.02151,0.04202
ZINC00158943,22,7,cc,1,-0.38879,nan,1,0.49852,nan,2,-0.22631,0.05252,4,0.03675,0.04175,5,0.00263,0.01132
ZINC00159279,19,7,ca,1,-0.33369,nan,1,0.32141,nan,2,-0.10631,0.01914,4,-0.00189,0.05028,5,0.01665,0.01373
ZINC00159399,28,8,cc,1,-0.30695,nan,1,0.37875,nan,2,-0.13411,0.04091,4,0.00362,0.07412,7,0.01095,0.02315
ZINC00160332,16,6,ca,1,-0.30272,nan,1,0.25725,nan,2,-0.02849,0.07521,3,-0.05856,0.07875,4,0.04426,0.03482
ZINC00160343,13,6,ca,1,-0.35369,nan,1,0.32437,nan,2,-0.05318,0.09159,3,-0.05776,0.08542,4,0.03448,0.01745
ZINC00160503,24,9,ca,1,-0.33097,nan,1,0.38928,nan,2,-0.17823,0.00209,4,0.03250,0.05257,4,0.01140,0.03306
ZINC00160504,23,7,ca,1,-0.29217,nan,1,0.32618,nan,2,-0.14083,0.04392,4,0.02036,0.05086,4,0.00340,0.03837
ZINC00160543,16,7,ca,1,-0.31178,nan,1,0.35973,nan,2,-0.14171,0.01181,4,0.01286,0.03572,3,0.00953,0.00635
ZINC00160546,18,8,ca,1,-0.30326,nan,1,0.30406,nan,2,-0.09454,0.00000,4,-0.00561,0.04907,3,0.01790,0.00014
ZINC00160642,20,7,ca,1,-0.32182,nan,1,0.38700,nan,2,-0.17416,0.03768,4,0.02864,0.02696,6,0.00250,0.02350
ZINC00161537,24,8,ca,1,-0.26920,nan,1,0.24759,nan,2,-0.06864,0.00879,4,-0.01524,0.03717,6,0.01609,0.00354
ZINC00161697,18,7,ca,1,-0.28043,nan,1,0.31398,nan,2,-0.11525,0.02758,4,0.00189,0.04684,3,0.01721,0.00386
ZINC00161788,12,5,ca,1,-0.36153,nan,1,0.47293,nan,2,-0.22374,0.00000,4,0.03784,0.03131,3,0.00567,0.00989
ZINC00162127,18,6,ca,1,-0.30328,nan,1,0.30875,nan,2,-0.10114,0.00074,4,-0.00847,0.03609,6,0.01598,0.00707
ZINC00162132,23,7,ca,1,-0.30611,nan,1,0.29575,nan,2,-0.09788,0.01891,4,-0.00575,0.05927,5,0.00697,0.06310
ZINC00162636,20,7,ca,1,-0.23200,nan,1,0.17530,nan,2,-0.03483,0.00000,4,-0.02906,0.00292,9,0.01380,0.00304
ZINC00162655,20,7,ca,1,-0.26028,nan,1,0.33419,nan,2,-0.15326,0.00000,4,0.01431,0.03966,3,0.05670,0.04230
ZINC00162657,20,7,ca,1,-0.26124,nan,1,0.31251,nan,2,-0.13490,0.02672,4,0.01117,0.03056,6,0.01494,0.02596
ZINC00163233,28,8,cd,1,-0.33383,nan,1,0.40936,nan,2,-0.17910,0.03545,4,0.02337,0.04217,4,0.02349,0.03086
ZINC00163966,29,8,ca,1,-0.29892,nan,1,0.30332,nan,2,-0.09909,0.01832,4,0.00233,0.06535,5,0.00042,0.04373
ZINC00164196,15,9,ca,1,-0.30834,nan,1,0.30758,nan,2,-0.09352,0.00000,4,-0.01218,0.05863,3,0.02975,0.01616
ZINC00164347,27,11,ca,1,-0.30821,nan,1,0.30525,nan,2,-0.09020,0.00000,4,-0.00863,0.05327,3,0.01599,0.00239
ZINC00164528,13,6,ca,1,-0.32151,nan,1,0.36204,nan,2,-0.13888,0.01529,4,0.01237,0.03562,3,0.01115,0.00378
ZINC00164594,13,6,ca,1,-0.29120,nan,1,0.31822,nan,2,-0.11603,0.01871,4,0.00118,0.04787,3,0.02109,0.01128
ZINC00164908,30,13,ca,1,-0.29909,nan,1,0.30232,nan,2,-0.09505,0.00000,4,-0.00914,0.05417,3,0.02619,0.01265
ZINC00165840,23,10,ca,1,-0.30425,nan,1,0.29957,nan,2,-0.07728,0.00000,4,-0.01866,0.05920,3,0.02440,0.00546
ZINC00167049,16,7,ca,1,-0.30595,nan,1,0.31295,nan,2,-0.09956,0.00498,4,-0.00857,0.05449,3,0.03229,0.01269
ZINC00167084,16,6,ca,1,-0.27093,nan,1,0.30496,nan,2,-0.11929,0.01671,4,0.00571,0.02677,6,0.00788,0.00543
ZINC00167109,17,8,ca,1,-0.30394,nan,1,0.30873,nan,2,-0.09455,0.00000,4,-0.01258,0.05794,3,0.03050,0.01737
ZINC00167121,17,6,ca,1,-0.36267,nan,1,0.38988,nan,2,-0.15960,0.04557,4,0.02269,0.06064,4,0.00488,0.02793
ZINC00167177,16,7,ca,1,-0.32462,nan,1,0.32007,nan,2,-0.09427,0.00000,4,-0.01119,0.05726,3,0.02380,0.00581
ZINC00167209,17,8,ca,1,-0.29592,nan,1,0.30358,nan,2,-0.09431,0.00000,4,-0.01058,0.05445,3,0.02730,0.01415
ZINC00167219,18,7,ca,1,-0.30349,nan,1,0.31935,nan,2,-0.11265,0.00829,4,0.00322,0.04386,5,0.00906,0.01059
ZINC00169545,25,11,ca,1,-0.30856,nan,1,0.31404,nan,2,-0.09650,0.00000,4,-0.00809,0.05246,3,0.01904,0.00016
ZINC00170011,22,11,ca,1,-0.35717,nan,1,0.46911,nan,2,-0.21597,0.03635,4,0.04367,0.02444,2,-0.02223,0.04909
ZINC00172822,24,12,ca,1,-0.33044,nan,1,0.33128,nan,2,-0.09649,0.00000,4,-0.01405,0.06095,3,0.02592,0.00421
ZINC00173142,24,6,ca,1,-0.33158,nan,1,0.31151,nan,2,-0.08698,0.01130,4,-0.01647,0.04509,6,0.01367,0.01460
ZINC00173144,27,7,ca,1,-0.30320,nan,1,0.28850,nan,2,-0.09096,0.00043,4,-0.00653,0.03791,6,0.01217,0.00930
ZINC00173148,24,7,ca,1,-0.27164,nan,1,0.33229,nan,2,-0.14339,0.02184,4,0.01220,0.03234,6,0.01624,0.02555
ZINC00173149,27,7,ca,1,-0.29749,nan,1,0.32886,nan,2,-0.12445,0.02140,4,0.00173,0.04093,6,0.01729,0.03478
ZINC00173151,21,6,ca,1,-0.29325,nan,1,0.33372,nan,2,-0.13171,0.00736,4,0.00469,0.03435,6,0.01993,0.02323
ZINC00173152,24,6,ca,1,-0.31255,nan,1,0.33762,nan,2,-0.12413,0.00799,4,0.00090,0.04081,6,0.01528,0.02612
ZINC00173160,27,8,ca,1,-0.29587,nan,1,0.27753,nan,2,-0.06850,0.01744,4,-0.03059,0.05295,6,0.02764,0.03143
ZINC00173176,26,7,ca,1,-0.31386,nan,1,0.36890,nan,2,-0.17763,0.07803,4,0.04616,0.06973,5,-0.01680,0.04086
ZINC00173178,25,7,ca,1,-0.28749,nan,1,0.32359,nan,2,-0.14429,0.06056,4,0.03233,0.06387,5,-0.00271,0.02200
ZINC00173179,23,7,ca,1,-0.31182,nan,1,0.37263,nan,2,-0.17599,0.07606,4,0.03988,0.06744,5,-0.00928,0.03490
ZINC00173184,20,6,ca,1,-0.33647,nan,1,0.32637,nan,2,-0.10039,0.01552,4,-0.01271,0.06290,5,0.02188,0.02400
ZINC00176663,27,11,ca,1,-0.33352,nan,1,0.35647,nan,2,-0.12994,0.03354,4,0.00100,0.05713,3,0.03692,0.02416
ZINC00179533,21,6,ca,1,-0.28679,nan,1,0.28196,nan,2,-0.09660,0.02105,4,-0.00267,0.04609,5,0.01274,0.01823
ZINC00183243,23,11,ca,1,-0.29698,nan,1,0.31240,nan,2,-0.10075,0.00570,4,-0.01630,0.06874,3,0.05609,0.03562
ZINC00185684,23,8,ca,1,-0.32333,nan,1,0.35947,nan,2,-0.16865,0.06460,4,0.03872,0.06300,5,-0.00426,0.02968
ZINC00186953,25,10,cd,1,-0.35839,nan,1,0.42698,nan,2,-0.15978,0.01621,4,0.00024,0.05855,3,0.04328,0.02432
ZINC00187649,23,8,ca,1,-0.32150,nan,1,0.31205,nan,2,-0.10028,0.02638,4,-0.00776,0.05872,5,0.01985,0.02055
ZINC00189734,26,11,ca,1,-0.30283,nan,1,0.30831,nan,2,-0.09507,0.00000,4,-0.00612,0.04887,3,0.01605,0.00156
ZINC00191669,23,12,ca,1,-0.29292,nan,1,0.30820,nan,2,-0.10229,0.00000,4,-0.00095,0.04378,3,0.01272,0.00651
ZINC00192504,28,6,cd,1,-0.34702,nan,1,0.41395,nan,2,-0.16468,0.01765,4,0.02765,0.04140,3,0.00791,0.02697
ZINC00194553,20,7,ca,1,-0.34562,nan,1,0.33455,nan,2,-0.10817,0.02823,4,-0.00670,0.06426,5,0.02080,0.02168
ZINC00195066,27,7,cd,1,-0.37225,nan,1,0.46011,nan,2,-0.17736,0.00526,4,0.00066,0.06812,3,0.04778,0.01778
ZINC00195074,20,8,cd,1,-0.38324,nan,1,0.43774,nan,2,-0.14899,0.00268,4,-0.00682,0.06529,3,0.04210,0.01635
ZINC00195076,25,8,cd,1,-0.37611,nan,1,0.43967,nan,2,-0.15853,0.00647,4,-0.00317,0.06662,3,0.05633,0.04827
ZINC00196524,17,6,cd,1,-0.35250,nan,1,0.44336,nan,2,-0.17814,0.04311,4,0.01408,0.05367,3,0.03759,0.02977
ZINC00196658,24,11,cd,1,-0.33363,nan,1,0.36138,nan,2,-0.09537,0.08793,3,-0.02270,0.09710,2,0.05739,0.06564
ZINC00197821,28,13,ca,1,-0.29083,nan,1,0.29195,nan,2,-0.08819,0.00335,4,-0.01590,0.06554,3,0.04635,0.02792
ZINC00202533,26,11,cd,1,-0.33873,nan,1,0.38391,nan,2,-0.11821,0.05996,3,-0.01466,0.07424,2,0.04924,0.05192
ZINC00206454,23,10,ca,1,-0.32420,nan,1,0.32423,nan,2,-0.11398,0.03163,4,0.00034,0.06355,3,0.03136,0.01149
ZINC00207321,25,10,ca,1,-0.32228,nan,1,0.32290,nan,2,-0.09567,0.00000,4,-0.01061,0.05644,3,0.02073,0.00156
ZINC00209680,29,11,ca,1,-0.09111,nan,1,0.04623,nan,2,0.00774,0.00340,3,-0.02189,0.00823,4,0.01046,0.00714
ZINC00209688,29,11,ca,1,-0.35301,nan,1,0.36751,nan,2,-0.09252,0.12703,3,-0.03809,0.10970,3,0.02295,0.03849
ZINC00209780,27,8,ca,1,-0.42466,nan,1,0.55824,nan,2,-0.29427,0.05889,4,0.08342,0.05966,5,-0.01960,0.05269
ZINC00221496,24,12,ca,1,-0.28759,nan,1,0.29566,nan,2,-0.08893,0.00000,4,-0.01144,0.05216,3,0.02482,0.00914
ZINC00223932,28,13,ca,1,-0.30378,nan,1,0.31507,nan,2,-0.09954,0.00000,4,-0.00637,0.05006,3,0.01861,0.00082
ZINC00229850,25,10,cd,1,-0.33549,nan,1,0.36402,nan,2,-0.10028,0.07103,3,-0.01879,0.07861,2,0.04203,0.04100
ZINC00231563,29,8,cd,1,-0.38982,nan,1,0.59027,nan,2,-0.31727,0.08448,4,0.08518,0.04662,4,-0.02783,0.03279
ZINC00233202,29,12,ca,1,-0.28166,nan,1,0.32370,nan,2,-0.12685,0.01912,4,0.00690,0.04249,3,0.03052,0.03954
ZINC00235444,26,10,ca,1,-0.32158,nan,1,0.32214,nan,2,-0.09500,0.00825,4,-0.01780,0.06786,3,0.04942,0.02891
ZINC00235896,27,12,ca,1,-0.29723,nan,1,0.31300,nan,2,-0.10134,0.00000,4,-0.00419,0.04682,3,0.01711,0.00132
ZINC00240596,29,12,ca,1,-0.27953,nan,1,0.31992,nan,2,-0.12406,0.00884,4,0.00732,0.04044,3,0.02808,0.04080
ZINC00240612,27,12,ca,1,-0.28562,nan,1,0.31877,nan,2,-0.12019,0.01410,4,0.00459,0.04383,3,0.03011,0.03939
ZINC00240764,24,8,ca,1,-0.32143,nan,1,0.32388,nan,2,-0.12882,0.02869,4,0.01059,0.04214,5,0.01473,0.01277
ZINC00240850,26,12,ca,1,-0.30131,nan,1,0.31399,nan,2,-0.10157,0.00000,4,-0.00519,0.04893,3,0.01910,0.00039
ZINC00241572,26,8,ca,1,-0.31056,nan,1,0.34947,nan,2,-0.16165,0.06059,4,0.03499,0.05424,5,-0.00133,0.01688
ZINC00242102,26,12,ca,1,-0.30111,nan,1,0.31829,nan,2,-0.10641,0.00000,4,-0.00230,0.04668,3,0.01644,0.00261
ZINC00244372,29,11,ca,1,-0.25539,nan,1,0.32372,nan,2,-0.13907,0.00000,4,0.01473,0.03154,3,0.03266,0.03370
ZINC00244386,27,7,ca,1,-0.30811,nan,1,0.41384,nan,2,-0.21994,0.07467,4,0.05747,0.04869,4,-0.01452,0.02256
ZINC00244491,29,8,ca,1,-0.30423,nan,1,0.31722,nan,2,-0.12044,0.03343,4,0.00246,0.04436,5,0.01881,0.00915
ZINC00245253,24,10,ca,1,-0.29726,nan,1,0.30213,nan,2,-0.08857,0.00000,4,-0.01456,0.05724,3,0.02840,0.01205
ZINC00246189,28,13,ca,1,-0.29271,nan,1,0.30236,nan,2,-0.09312,0.00000,4,-0.00641,0.04727,3,0.01630,0.00045
ZINC00246582,27,13,ca,1,-0.32535,nan,1,0.32685,nan,2,-0.09294,0.00439,4,-0.02112,0.07052,3,0.04800,0.02420
ZINC00247771,21,8,ca,1,-0.31346,nan,1,0.35813,nan,2,-0.14011,0.01673,4,0.01240,0.04116,5,0.00602,0.01758
ZINC00248390,18,9,ca,1,-0.26108,nan,1,0.29091,nan,2,-0.11266,0.00816,4,0.00845,0.03525,3,0.01147,0.00198
ZINC00249037,33,11,ca,1,-0.30403,nan,1,0.30170,nan,2,-0.08800,0.00137,4,-0.01737,0.06751,3,0.05042,0.03210
ZINC00252953,30,14,ca,1,-0.29850,nan,1,0.31348,nan,2,-0.10286,0.00000,4,-0.00496,0.04925,3,0.01964,0.00131
ZINC00254932,24,8,ca,1,-0.34642,nan,1,0.36060,nan,2,-0.14631,0.04740,4,0.01810,0.05437,5,0.00885,0.01676
ZINC00255375,29,8,cd,1,-0.33016,nan,1,0.34420,nan,2,-0.06702,0.08971,3,-0.04903,0.10490,5,0.02595,0.03662
ZINC00255651,27,8,ca,1,-0.31091,nan,1,0.33493,nan,2,-0.14425,0.05483,4,0.02482,0.05555,5,0.00265,0.01839
ZINC00256790,28,11,ca,1,-0.32146,nan,1,0.31318,nan,2,-0.08434,0.00000,4,-0.01444,0.05781,3,0.02091,0.00019
ZINC00257313,27,13,cc,1,-0.36121,nan,1,0.38101,nan,2,-0.09756,0.11679,3,-0.02071,0.11079,2,0.04437,0.04999
ZINC00258847,27,12,ca,1,-0.30156,nan,1,0.32296,nan,2,-0.10773,0.00000,4,-0.00243,0.04652,3,0.01622,0.00297
ZINC00260465,30,10,ca,1,-0.34101,nan,1,0.34333,nan,2,-0.11750,0.03443,4,-0.00641,0.05744,5,0.02037,0.02010
ZINC00260467,30,9,ca,1,-0.32861,nan,1,0.35009,nan,2,-0.13327,0.04317,4,0.00333,0.05109,5,0.01537,0.01664
ZINC00261120,33,9,ca,1,-0.33935,nan,1,0.34179,nan,2,-0.11835,0.03713,4,-0.00297,0.05557,5,0.01855,0.01744
ZINC00261123,29,7,ca,1,-0.34156,nan,1,0.35183,nan,2,-0.14295,0.07860,4,0.02081,0.08989,5,0.00784,0.03343
ZINC00261124,27,13,ca,1,-0.28714,nan,1,0.29543,nan,2,-0.09394,0.00000,4,-0.00834,0.05173,3,0.02460,0.01176
ZINC00265835,29,9,ca,1,-0.32066,nan,1,0.31737,nan,2,-0.10987,0.03961,4,-0.00203,0.06140,5,0.01835,0.02101
ZINC00267302,28,10,ca,1,-0.29979,nan,1,0.32051,nan,2,-0.11059,0.00000,4,0.00162,0.04340,3,0.00978,0.01026
ZINC00267303,28,10,ca,1,-0.29637,nan,1,0.31175,nan,2,-0.09988,0.00000,4,-0.00309,0.04500,3,0.01239,0.00717
ZINC00269145,19,8,ca,1,-0.35406,nan,1,0.47439,nan,2,-0.21427,0.04935,4,0.03397,0.04854,2,0.01633,0.10063
ZINC00269603,25,8,ca,1,-0.38251,nan,1,0.45102,nan,2,-0.22771,0.10536,4,0.06010,0.07255,5,-0.01034,0.04298
ZINC00270529,23,6,ca,1,-0.34225,nan,1,0.35160,nan,2,-0.13086,0.03653,4,0.01171,0.06185,5,0.00675,0.02366
ZINC00271058,27,8,ca,1,-0.29536,nan,1,0.29983,nan,2,-0.11278,0.03790,4,0.00257,0.04643,5,0.01421,0.01513
ZINC00271557,27,12,ca,1,-0.26752,nan,1,0.31115,nan,2,-0.12476,0.01260,4,0.00900,0.03833,3,0.02479,0.03133
ZINC00272041,30,9,ca,1,-0.30674,nan,1,0.34559,nan,2,-0.15574,0.05372,4,0.03061,0.04828,5,0.00033,0.01469
ZINC00272305,30,13,ca,1,-0.28081,nan,1,0.31926,nan,2,-0.12103,0.00621,4,0.00637,0.04087,3,0.02133,0.03245
ZINC00272596,23,8,ca,1,-0.31513,nan,1,0.32157,nan,2,-0.13356,0.02904,4,0.01263,0.03791,5,0.01513,0.01680
ZINC00272887,30,9,ca,1,-0.31425,nan,1,0.35849,nan,2,-0.16758,0.06387,4,0.03815,0.05592,5,-0.00330,0.01709
ZINC00272940,27,11,ca,1,-0.33823,nan,1,0.35776,nan,2,-0.12307,0.00341,4,-0.00609,0.06240,3,0.04383,0.02967
ZINC00272943,21,6,ca,1,-0.31912,nan,1,0.34871,nan,2,-0.14028,0.03292,4,0.01258,0.04030,5,0.00875,0.01225
ZINC00274641,31,11,ca,1,-0.31567,nan,1,0.35031,nan,2,-0.15569,0.05320,4,0.02957,0.05239,5,0.00129,0.01556
ZINC00276167,23,11,ca,1,-0.29944,nan,1,0.30482,nan,2,-0.09538,0.00000,4,-0.00727,0.05097,3,0.02104,0.00515
ZINC00276404,26,13,cc,1,-0.36992,nan,1,0.38736,nan,2,-0.09488,0.11575,3,-0.02373,0.11468,2,0.04610,0.05243
ZINC00276618,31,15,ca,1,-0.31974,nan,1,0.32719,nan,2,-0.10027,0.00000,4,-0.00920,0.05456,3,0.02113,0.00012
ZINC00276819,29,13,ca,1,-0.28908,nan,1,0.29824,nan,2,-0.09294,0.00000,4,-0.00911,0.05129,3,0.02460,0.01121
ZINC00281304,29,13,ca,1,-0.29689,nan,1,0.31301,nan,2,-0.10540,0.00000,4,0.00064,0.04337,3,0.01078,0.00950
ZINC00281319,29,13,ca,1,-0.29810,nan,1,0.31431,nan,2,-0.10777,0.00000,4,0.00178,0.04261,3,0.01034,0.01063
ZINC00281353,27,12,ca,1,-0.28941,nan,1,0.29789,nan,2,-0.09279,0.00000,4,-0.00723,0.04897,3,0.01951,0.00415
ZINC00281357,26,12,ca,1,-0.28729,nan,1,0.30199,nan,2,-0.10323,0.00000,4,0.00150,0.04108,3,0.01106,0.00740
ZINC00281753,21,9,ca,1,-0.28409,nan,1,0.29115,nan,2,-0.08644,0.00611,4,-0.02048,0.06806,3,0.05321,0.03159
ZINC00281852,22,9,ca,1,-0.28625,nan,1,0.29201,nan,2,-0.09268,0.00470,4,-0.00950,0.05599,3,0.03827,0.02104
ZINC00282122,24,11,ca,1,-0.30146,nan,1,0.30985,nan,2,-0.09666,0.00000,4,-0.00739,0.05047,3,0.02086,0.00323
ZINC00282396,28,12,ca,1,-0.30601,nan,1,0.31804,nan,2,-0.10352,0.00000,4,-0.00263,0.04716,3,0.01409,0.00303
ZINC00282714,31,15,ca,1,-0.30853,nan,1,0.32709,nan,2,-0.11027,0.00000,4,-0.00183,0.04812,3,0.01593,0.00459
ZINC00283089,27,13,ca,1,-0.30184,nan,1,0.31054,nan,2,-0.09741,0.00000,4,-0.00635,0.04932,3,0.01914,0.00105
ZINC00283134,28,10,ca,1,-0.32294,nan,1,0.32824,nan,2,-0.10001,0.00010,4,-0.01947,0.07436,3,0.05744,0.03641
ZINC00283680,23,9,cc,1,-0.26313,nan,1,0.26282,nan,2,-0.07631,0.09651,3,-0.00321,0.07911,3,0.03452,0.03646
ZINC00284231,23,8,ca,1,-0.31290,nan,1,0.37142,nan,2,-0.16080,0.05265,4,0.02381,0.05245,5,0.00225,0.02081
ZINC00284233,23,7,ca,1,-0.38649,nan,1,0.51206,nan,2,-0.27304,0.04997,4,0.07499,0.04087,6,-0.01477,0.02851
ZINC00284646,19,9,cc,1,-0.26643,nan,1,0.26093,nan,2,-0.06383,0.07310,3,-0.01094,0.05469,2,0.02540,0.01816
ZINC00287663,29,10,ca,1,-0.31162,nan,1,0.34983,nan,2,-0.15870,0.05490,4,0.03110,0.04959,5,0.00194,0.01214
ZINC00288057,29,10,ca,1,-0.30687,nan,1,0.30380,nan,2,-0.09232,0.00352,4,-0.01338,0.06352,3,0.04533,0.02871
ZINC00288379,23,8,ca,1,-0.27554,nan,1,0.30046,nan,2,-0.11014,0.01506,4,-0.00687,0.04545,6,0.02365,0.02605
ZINC00288382,30,12,ca,1,-0.25333,nan,1,0.28454,nan,2,-0.10415,0.00197,4,-0.00026,0.02654,6,0.00898,0.00255
ZINC00288390,32,12,ca,1,-0.27347,nan,1,0.27213,nan,2,-0.08551,0.01197,4,-0.01764,0.05152,6,0.02427,0.01943
ZINC00288489,27,9,ca,1,-0.32259,nan,1,0.33663,nan,2,-0.11678,0.03131,4,-0.00562,0.05275,5,0.01906,0.01832
ZINC00288491,27,9,ca,1,-0.34432,nan,1,0.34748,nan,2,-0.11943,0.03535,4,-0.00583,0.05801,5,0.02008,0.02028
ZINC00288492,25,7,ca,1,-0.34443,nan,1,0.36439,nan,2,-0.13794,0.04158,4,0.00546,0.05613,5,0.01446,0.01977
ZINC00288495,29,9,ca,1,-0.34043,nan,1,0.35235,nan,2,-0.13127,0.04912,4,0.00395,0.06221,5,0.02048,0.01794
ZINC00288501,36,7,ca,1,-0.32068,nan,1,0.31859,nan,2,-0.11594,0.03946,4,0.00169,0.04705,5,0.01149,0.02210
ZINC00288503,36,7,ca,1,-0.31872,nan,1,0.31749,nan,2,-0.11589,0.04627,4,0.00154,0.04828,5,0.01164,0.02317
ZINC00288511,31,10,ca,1,-0.33675,nan,1,0.33796,nan,2,-0.11422,0.03251,4,-0.00627,0.05622,5,0.02090,0.01718
ZINC00288513,31,10,ca,1,-0.33202,nan,1,0.33986,nan,2,-0.11856,0.03339,4,-0.00425,0.05334,5,0.02064,0.01593
ZINC00288514,36,8,ca,1,-0.28701,nan,1,0.27287,nan,2,-0.09016,0.02689,4,-0.00012,0.05334,5,0.01299,0.01884
ZINC00288517,33,7,ca,1,-0.33412,nan,1,0.34307,nan,2,-0.13045,0.04496,4,0.00680,0.05191,5,0.01253,0.01880
ZINC00288520,29,6,ca,1,-0.31991,nan,1,0.32415,nan,2,-0.11803,0.02751,4,0.00417,0.05831,5,0.00985,0.02688
ZINC00288523,26,7,ca,1,-0.33669,nan,1,0.34197,nan,2,-0.13249,0.06747,4,0.01365,0.08464,5,0.00733,0.03621
ZINC00288524,27,6,ca,1,-0.29646,nan,1,0.30878,nan,2,-0.13041,0.04629,4,0.02449,0.05966,5,0.00002,0.02315
ZINC00288525,27,10,ca,1,-0.34354,nan,1,0.35941,nan,2,-0.13187,0.04547,4,0.00219,0.05894,5,0.01803,0.01732
ZINC00288526,33,7,ca,1,-0.34282,nan,1,0.33854,nan,2,-0.12507,0.05405,4,-0.00076,0.05004,5,0.02001,0.01528
ZINC00288530,33,7,ca,1,-0.35057,nan,1,0.35103,nan,2,-0.13519,0.05792,4,0.00225,0.05144,5,0.02018,0.01533
ZINC00288531,28,8,ca,1,-0.32126,nan,1,0.32745,nan,2,-0.10851,0.01689,4,0.00274,0.06139,5,0.00411,0.03476
ZINC00288532,27,9,ca,1,-0.30835,nan,1,0.32171,nan,2,-0.11773,0.04113,4,-0.00152,0.05058,5,0.01855,0.01629
ZINC00288972,29,7,cc,1,-0.42103,nan,1,0.59906,nan,2,-0.30302,0.02166,4,0.06767,0.03996,4,-0.01079,0.00689
ZINC00290814,29,12,ca,1,-0.33519,nan,1,0.34935,nan,2,-0.11585,0.00278,4,-0.00809,0.06249,3,0.04354,0.02946
ZINC00291335,23,7,ca,1,-0.33321,nan,1,0.32341,nan,2,-0.10512,0.02430,4,-0.00538,0.06917,5,0.01248,0.03645
ZINC00291895,30,13,ca,1,-0.29945,nan,1,0.31842,nan,2,-0.10608,0.00000,4,-0.00182,0.04518,3,0.01478,0.00512
ZINC00292398,26,12,ca,1,-0.30014,nan,1,0.30498,nan,2,-0.09685,0.00000,4,-0.00707,0.05209,3,0.02214,0.00740
ZINC00292460,28,12,cd,1,-0.38195,nan,1,0.45305,nan,2,-0.16824,0.01441,4,-0.00208,0.06682,3,0.05602,0.03923
ZINC00292629,30,11,ca,1,-0.27169,nan,1,0.28631,nan,2,-0.09620,0.00091,4,-0.00998,0.03766,6,0.01765,0.01403
ZINC00294184,29,14,ca,1,-0.29768,nan,1,0.31515,nan,2,-0.10190,0.00000,4,-0.00630,0.04946,3,0.02036,0.00109
ZINC00294857,21,8,ca,1,-0.34354,nan,1,0.43134,nan,2,-0.20888,0.07002,4,0.04502,0.05256,4,-0.00932,0.02712
ZINC00294920,28,9,ca,1,-0.28789,nan,1,0.30051,nan,2,-0.10024,0.00530,4,-0.00438,0.05438,3,0.03502,0.04270
ZINC00295435,29,10,ca,1,-0.31459,nan,1,0.31239,nan,2,-0.09318,0.00057,4,-0.01538,0.06605,3,0.04758,0.02942
ZINC00296222,27,11,ca,1,-0.33103,nan,1,0.34414,nan,2,-0.11117,0.00053,4,-0.00986,0.06165,3,0.04311,0.02756
ZINC00297344,27,9,ca,1,-0.29535,nan,1,0.33270,nan,2,-0.13615,0.03144,4,0.01691,0.05756,4,0.01940,0.04015
ZINC00297407,19,9,ca,1,-0.31728,nan,1,0.32978,nan,2,-0.11745,0.02909,4,-0.00388,0.06356,3,0.03891,0.01760
ZINC00298028,31,10,ca,1,-0.30667,nan,1,0.30791,nan,2,-0.08944,0.00000,4,-0.01097,0.05278,3,0.02085,0.00150
ZINC00298029,31,10,ca,1,-0.30910,nan,1,0.30959,nan,2,-0.08861,0.00000,4,-0.01179,0.05367,3,0.02103,0.00125
ZINC00298120,27,11,ca,1,-0.32532,nan,1,0.34277,nan,2,-0.12590,0.03284,4,-0.00029,0.06351,3,0.03618,0.01708
ZINC00298830,27,13,ca,1,-0.31591,nan,1,0.32326,nan,2,-0.10069,0.00000,4,-0.00591,0.05049,3,0.01775,0.00028
ZINC00299425,23,12,ca,1,-0.29639,nan,1,0.30264,nan,2,-0.09275,0.00000,4,-0.00855,0.05164,3,0.02178,0.00694
ZINC00299674,27,12,ca,1,-0.31212,nan,1,0.31582,nan,2,-0.09482,0.00000,4,-0.00869,0.05253,3,0.01929,0.00101
ZINC00300817,26,10,ca,1,-0.32831,nan,1,0.30499,nan,2,-0.04818,0.08581,3,-0.07019,0.11623,3,0.07200,0.04308
ZINC00300962,25,6,ca,1,-0.32366,nan,1,0.35448,nan,2,-0.13824,0.03672,4,0.00602,0.04602,5,0.01320,0.01539
ZINC00301092,23,10,ca,1,-0.27870,nan,1,0.29625,nan,2,-0.10791,0.00668,4,0.00262,0.04678,3,0.02832,0.02089
ZINC00301492,28,9,ca,1,-0.33107,nan,1,0.34189,nan,2,-0.12173,0.03645,4,-0.00353,0.05667,5,0.01911,0.02004
ZINC00301529,33,10,ca,1,-0.33388,nan,1,0.33883,nan,2,-0.11603,0.03824,4,-0.00447,0.06103,5,0.01724,0.02357
ZINC00301531,30,9,ca,1,-0.32454,nan,1,0.31698,nan,2,-0.10301,0.03553,4,-0.00847,0.05862,5,0.01924,0.02161
ZINC00301655,19,8,cd,1,-0.32971,nan,1,0.32649,nan,2,-0.05829,0.08117,3,-0.04654,0.09447,5,0.02939,0.03300
ZINC00302953,25,7,ca,1,-0.26003,nan,1,0.24008,nan,2,-0.07116,0.02397,4,-0.00873,0.06491,4,0.02263,0.04455
ZINC00304656,28,11,ca,1,-0.29510,nan,1,0.29671,nan,2,-0.08646,0.00000,4,-0.01365,0.05603,3,0.02758,0.01288
ZINC00304657,28,11,ca,1,-0.29351,nan,1,0.29850,nan,2,-0.08872,0.00000,4,-0.01274,0.05507,3,0.02719,0.01235
ZINC00305886,32,12,ca,1,-0.28058,nan,1,0.32021,nan,2,-0.12309,0.01289,4,0.00701,0.04092,3,0.02214,0.03039
ZINC00306286,36,12,ca,1,-0.30182,nan,1,0.30372,nan,2,-0.08851,0.00000,4,-0.01050,0.05233,3,0.01772,0.00108
ZINC00306288,36,12,ca,1,-0.31480,nan,1,0.31086,nan,2,-0.08572,0.00000,4,-0.01412,0.05735,3,0.01917,0.00203
ZINC00307282,33,12,ca,1,-0.30047,nan,1,0.30154,nan,2,-0.08529,0.00000,4,-0.01169,0.05194,3,0.01826,0.00017
ZINC00307284,33,12,ca,1,-0.30920,nan,1,0.30976,nan,2,-0.08820,0.00000,4,-0.01191,0.05398,3,0.01818,0.00162
ZINC00307438,30,12,ca,1,-0.30385,nan,1,0.30210,nan,2,-0.08816,0.00000,4,-0.00996,0.05230,3,0.01752,0.00073
ZINC00307440,30,12,ca,1,-0.30629,nan,1,0.30648,nan,2,-0.08592,0.00000,4,-0.01157,0.05255,3,0.01693,0.00291
ZINC00308247,26,10,ca,1,-0.31645,nan,1,0.31649,nan,2,-0.08838,0.00000,4,-0.01493,0.05756,3,0.02614,0.00676
ZINC00308895,24,8,ca,1,-0.31901,nan,1,0.31577,nan,2,-0.09004,0.00000,4,-0.01437,0.05948,3,0.02603,0.00562
ZINC00311926,32,11,ca,1,-0.30181,nan,1,0.31768,nan,2,-0.10456,0.01881,4,-0.01519,0.06917,3,0.05920,0.04041
ZINC00313569,26,9,ca,1,-0.30325,nan,1,0.31622,nan,2,-0.10626,0.01759,4,-0.00401,0.05360,3,0.03739,0.03252
ZINC00313684,26,10,ca,1,-0.33632,nan,1,0.32990,nan,2,-0.09381,0.00000,4,-0.01716,0.06583,3,0.03185,0.01157
ZINC00314456,22,10,cd,1,-0.32624,nan,1,0.33986,nan,2,-0.08081,0.10763,3,-0.02585,0.10876,2,0.05887,0.06761
ZINC00315092,30,9,ca,1,-0.32442,nan,1,0.36298,nan,2,-0.16857,0.06501,4,0.03688,0.05748,5,-0.00098,0.01764
ZINC00316201,33,10,cc,1,-0.34730,nan,1,0.35764,nan,2,-0.08195,0.08739,3,-0.02947,0.09709,2,0.05672,0.06223
ZINC00316203,33,10,cc,1,-0.34414,nan,1,0.35345,nan,2,-0.07963,0.08599,3,-0.03100,0.09944,2,0.05813,0.06408
ZINC00317294,36,13,ca,1,-0.30198,nan,1,0.31613,nan,2,-0.09888,0.00000,4,-0.00663,0.04906,3,0.01725,0.00343
ZINC00317810,27,9,ca,1,-0.36676,nan,1,0.45337,nan,2,-0.23112,0.03984,4,0.05274,0.06415,4,-0.00117,0.04581
ZINC00318018,18,9,ca,1,-0.30890,nan,1,0.33419,nan,2,-0.11670,0.00481,4,-0.00008,0.04979,3,0.02066,0.01109
ZINC00318610,30,11,ca,1,-0.30252,nan,1,0.30280,nan,2,-0.08850,0.00647,4,-0.01861,0.06801,3,0.04821,0.02665
ZINC00318612,25,9,ca,1,-0.31465,nan,1,0.31499,nan,2,-0.09957,0.00509,4,-0.01381,0.06684,3,0.04820,0.02662
ZINC00318614,29,9,ca,1,-0.30173,nan,1,0.30938,nan,2,-0.10199,0.00664,4,-0.00742,0.05706,3,0.04284,0.03165
ZINC00318616,29,9,ca,1,-0.30180,nan,1,0.31247,nan,2,-0.10368,0.00825,4,-0.00655,0.05586,3,0.04015,0.02724
ZINC00318618,36,10,ca,1,-0.30266,nan,1,0.31418,nan,2,-0.10115,0.01268,4,-0.01339,0.06443,3,0.04790,0.02767
ZINC00318623,36,10,ca,1,-0.30732,nan,1,0.31000,nan,2,-0.09748,0.00206,4,-0.01353,0.06576,3,0.04706,0.02714
ZINC00318628,29,12,ca,1,-0.30203,nan,1,0.30601,nan,2,-0.09328,0.01078,4,-0.01483,0.06365,3,0.04262,0.02193
ZINC00318631,31,10,ca,1,-0.29992,nan,1,0.29859,nan,2,-0.08810,0.00666,4,-0.01500,0.06240,3,0.04398,0.02686
ZINC00318633,31,10,ca,1,-0.30736,nan,1,0.30748,nan,2,-0.09405,0.00598,4,-0.01269,0.06218,3,0.04307,0.02495
ZINC00318637,36,11,ca,1,-0.30741,nan,1,0.30663,nan,2,-0.09105,0.00151,4,-0.01626,0.06657,3,0.05077,0.03404
ZINC00318639,26,10,ca,1,-0.30581,nan,1,0.30868,nan,2,-0.09152,0.00568,4,-0.01717,0.06462,3,0.04195,0.02096
ZINC00318641,29,11,ca,1,-0.31509,nan,1,0.31507,nan,2,-0.09024,0.00868,4,-0.02000,0.06925,3,0.04761,0.02553
ZINC00318644,33,10,ca,1,-0.31119,nan,1,0.31929,nan,2,-0.09874,0.00349,4,-0.01244,0.06014,3,0.03606,0.01684
ZINC00318646,33,10,ca,1,-0.30146,nan,1,0.30944,nan,2,-0.09297,0.00452,4,-0.01299,0.05888,3,0.03601,0.01739
ZINC00326704,30,12,ca,1,-0.31355,nan,1,0.31664,nan,2,-0.09608,0.00000,4,-0.00796,0.05228,3,0.01870,0.00025
ZINC00327209,23,9,ca,1,-0.32170,nan,1,0.32259,nan,2,-0.10043,0.00115,4,-0.01244,0.06652,3,0.04636,0.02750
ZINC00327267,26,12,ca,1,-0.31697,nan,1,0.31843,nan,2,-0.09367,0.00000,4,-0.00981,0.05330,3,0.01970,0.00080
ZINC00327297,26,10,ca,1,-0.34115,nan,1,0.35152,nan,2,-0.11247,0.00613,4,-0.01203,0.06653,3,0.04728,0.02998
ZINC00327299,26,12,ca,1,-0.31528,nan,1,0.32206,nan,2,-0.09945,0.00000,4,-0.00595,0.04959,3,0.01709,0.00137
ZINC00327303,26,9,ca,1,-0.34433,nan,1,0.35510,nan,2,-0.12286,0.03819,4,-0.00532,0.05596,5,0.02050,0.01846
ZINC00330805,13,6,ca,1,-0.32460,nan,1,0.34416,nan,2,-0.11529,0.01043,4,-0.00342,0.05240,3,0.02324,0.01137
ZINC00330897,16,6,ca,1,-0.42247,nan,1,0.43037,nan,2,-0.12459,0.18135,3,-0.02046,0.14992,4,0.01698,0.05882
ZINC00331066,17,8,c3,1,-0.15187,nan,1,0.30429,nan,3,-0.10841,0.07043,2,0.04980,0.00000,4,-0.00247,0.00035
ZINC00331097,24,9,ca,1,-0.36277,nan,1,0.44871,nan,2,-0.14254,0.10182,3,-0.03706,0.13273,3,0.05944,0.06955
ZINC00331148,18,8,ca,1,-0.35718,nan,1,0.38503,nan,2,-0.10136,0.13843,3,-0.03804,0.12851,3,0.05039,0.04352
ZINC00331153,18,7,ca,1,-0.40087,nan,1,0.37012,nan,2,-0.06181,0.13387,3,-0.07936,0.14292,5,0.04721,0.05523
ZINC00331155,18,7,ca,1,-0.40147,nan,1,0.59044,nan,2,-0.31274,0.01112,4,0.07598,0.02156,4,-0.01349,0.03118
ZINC00331218,21,9,ca,1,-0.40412,nan,1,0.45853,nan,2,-0.13451,0.16205,3,-0.03828,0.13043,3,0.05987,0.00926
ZINC00331220,21,10,ca,1,-0.46907,nan,1,0.46826,nan,2,-0.13104,0.13585,3,0.03003,0.05073,2,-0.07325,0.10789
ZINC00331802,12,6,ca,1,-0.39391,nan,1,0.52753,nan,2,-0.26322,0.02444,4,0.05947,0.02017,2,-0.01909,0.03902
ZINC00333501,31,7,ca,1,-0.33603,nan,1,0.33632,nan,2,-0.11588,0.03321,4,-0.00449,0.05031,5,0.01686,0.01923
ZINC00333713,28,10,c3,1,-0.24422,nan,1,0.44073,nan,3,-0.11562,0.01775,3,0.00389,0.04932,4,0.00626,0.01943
ZINC00333715,28,10,c3,1,-0.24176,nan,1,0.42728,nan,3,-0.11388,0.02258,3,0.00613,0.04825,4,0.00620,0.01814
ZINC00334119,15,6,cd,1,-0.33105,nan,1,0.38180,nan,2,-0.15412,0.03616,4,0.02201,0.03726,3,-0.00712,0.03646
ZINC00334211,18,6,cc,1,-0.18522,nan,1,0.17511,nan,2,-0.05229,0.01540,4,-0.00465,0.01959,6,0.01009,0.01109
ZINC00334212,18,7,cd,1,-0.20518,nan,1,0.21932,nan,2,-0.07746,0.00279,4,0.00253,0.02439,6,0.00964,0.01340
ZINC00334291,22,7,cd,1,-0.25634,nan,1,0.28541,nan,2,-0.11168,0.03693,4,0.00522,0.03351,6,0.01281,0.00715
ZINC00334298,25,9,cc,1,-0.26998,nan,1,0.25131,nan,2,-0.07725,0.04371,4,-0.01267,0.03235,6,0.02204,0.01319
ZINC00334394,12,5,cc,1,-0.29046,nan,1,0.29751,nan,2,-0.10188,0.01209,4,0.00639,0.03501,3,0.01038,0.01122
ZINC00334396,12,6,cd,1,-0.28291,nan,1,0.28405,nan,2,-0.08671,0.10953,3,0.00459,0.07595,4,0.00593,0.01584
ZINC00334448,25,8,cc,1,-0.31606,nan,1,0.37692,nan,2,-0.15735,0.01163,4,0.02059,0.02446,6,0.00609,0.00528
ZINC00334467,27,8,cc,1,-0.34770,nan,1,0.41146,nan,2,-0.19635,0.03897,4,0.04427,0.03891,3,-0.00237,0.01315
ZINC00334495,16,6,ca,1,-0.34474,nan,1,0.49091,nan,2,-0.25232,0.02423,4,0.06674,0.02947,6,-0.01253,0.03023
ZINC00334503,28,7,ca,1,-0.39965,nan,1,0.64554,nan,2,-0.38871,0.10438,4,0.15499,0.11207,4,-0.08664,0.05131
ZINC00334515,17,6,ca,1,-0.27121,nan,1,0.37941,nan,2,-0.19327,0.01748,4,0.04373,0.03807,5,0.00011,0.02619
ZINC00334520,14,5,ca,1,-0.30383,nan,1,0.36055,nan,2,-0.16216,0.02810,4,0.03271,0.04797,5,-0.00155,0.01375
ZINC00334559,19,7,ca,1,-0.33866,nan,1,0.49187,nan,2,-0.25290,0.00284,4,0.07000,0.01080,6,-0.01525,0.03082
ZINC00334580,34,8,ca,1,-0.29206,nan,1,0.32090,nan,2,-0.15205,0.03684,4,0.03221,0.03987,5,0.00419,0.01579
ZINC00335011,18,7,ca,1,-0.40866,nan,1,0.52611,nan,2,-0.25989,0.03929,4,0.05864,0.02705,4,-0.00341,0.01837
ZINC00335070,25,9,ca,1,-0.43341,nan,1,0.54774,nan,2,-0.25688,0.01804,4,0.06328,0.02969,3,-0.03511,0.04055
ZINC00335170,14,7,ca,1,-0.40516,nan,1,0.44066,nan,2,-0.12239,0.14621,3,-0.02593,0.11344,3,0.02535,0.02157
ZINC00335330,28,10,cd,1,-0.36523,nan,1,0.43396,nan,2,-0.16916,0.05579,4,0.01446,0.04972,3,0.02841,0.01585
ZINC00336061,25,7,ca,1,-0.27774,nan,1,0.34161,nan,2,-0.15406,0.04965,4,0.02033,0.04408,4,0.01453,0.01790
ZINC00336258,23,6,ca,1,-0.32338,nan,1,0.31670,nan,2,-0.10333,0.02799,4,-0.00175,0.05538,5,0.01217,0.02191
ZINC00336321,27,8,ca,1,-0.37025,nan,1,0.46777,nan,2,-0.23358,0.07833,4,0.04798,0.05916,5,-0.00091,0.04706
ZINC00336323,26,8,ca,1,-0.37934,nan,1,0.46774,nan,2,-0.23121,0.08436,4,0.05229,0.05500,5,-0.00155,0.03348
ZINC00336686,18,7,ca,1,-0.28485,nan,1,0.31507,nan,2,-0.12635,0.00000,4,0.01168,0.00416,5,0.00633,0.02790
ZINC00337065,22,7,ca,1,-0.35815,nan,1,0.44124,nan,2,-0.21317,0.08157,4,0.04624,0.05753,6,-0.00486,0.03064
ZINC00337068,22,7,ca,1,-0.38579,nan,1,0.38142,nan,2,-0.09175,0.14741,3,-0.04562,0.13807,5,0.03370,0.04652
ZINC00337757,32,12,ca,1,-0.30615,nan,1,0.32252,nan,2,-0.10510,0.00000,4,-0.00347,0.04756,3,0.01543,0.00507
ZINC00337759,32,12,ca,1,-0.30858,nan,1,0.32962,nan,2,-0.11336,0.00000,4,0.00056,0.04572,3,0.01310,0.00833
ZINC00337783,25,12,ca,1,-0.28662,nan,1,0.30292,nan,2,-0.10522,0.00000,4,0.00266,0.04042,3,0.01052,0.00757
ZINC00337798,29,10,cd,1,-0.32736,nan,1,0.39474,nan,2,-0.16246,0.06475,4,0.01792,0.05857,4,0.01861,0.02916
ZINC00339012,19,7,ca,1,-0.35431,nan,1,0.43082,nan,2,-0.20204,0.05856,4,0.03884,0.05760,4,0.00164,0.03425
ZINC00339175,21,8,ca,1,-0.29911,nan,1,0.30352,nan,2,-0.09545,0.01050,4,-0.00935,0.05753,3,0.03567,0.02123
ZINC00340240,29,12,ca,1,-0.29494,nan,1,0.30776,nan,2,-0.09812,0.00000,4,-0.00874,0.05282,3,0.02461,0.00907
ZINC00341464,27,11,ca,1,-0.31142,nan,1,0.31146,nan,2,-0.09187,0.00377,4,-0.01570,0.06295,3,0.04555,0.02680
ZINC00341467,27,13,ca,1,-0.31441,nan,1,0.30873,nan,2,-0.09099,0.00177,4,-0.01808,0.07185,3,0.05272,0.03436
ZINC00341477,27,12,ca,1,-0.31658,nan,1,0.32036,nan,2,-0.09854,0.00000,4,-0.00721,0.05205,3,0.01900,0.00087
ZINC00341478,26,10,ca,1,-0.31319,nan,1,0.31633,nan,2,-0.09600,0.00000,4,-0.00794,0.05216,3,0.01863,0.00042
ZINC00341479,29,12,ca,1,-0.31282,nan,1,0.31818,nan,2,-0.10013,0.00000,4,-0.00511,0.05010,3,0.01639,0.00212
ZINC00341480,29,10,ca,1,-0.31801,nan,1,0.31988,nan,2,-0.09751,0.00000,4,-0.00689,0.05218,3,0.01623,0.00421
ZINC00341484,29,10,ca,1,-0.32053,nan,1,0.32232,nan,2,-0.09872,0.00000,4,-0.00700,0.05301,3,0.01678,0.00365
ZINC00341643,29,9,ca,1,-0.31771,nan,1,0.30049,nan,2,-0.09964,0.02572,4,-0.00498,0.05071,5,0.01871,0.01482
ZINC00341765,26,12,ca,1,-0.28617,nan,1,0.31015,nan,2,-0.11929,0.00575,4,0.00677,0.04692,3,0.02818,0.02520
ZINC00341780,29,7,ca,1,-0.33866,nan,1,0.32332,nan,2,-0.10062,0.02247,4,-0.01040,0.05780,5,0.01944,0.02156
ZINC00342346,25,11,ca,1,-0.31233,nan,1,0.31489,nan,2,-0.09541,0.00038,4,-0.01386,0.06377,3,0.04448,0.02578
ZINC00342349,26,9,ca,1,-0.29386,nan,1,0.31259,nan,2,-0.10731,0.00149,4,-0.00050,0.04716,3,0.00779,0.01428
ZINC00342350,29,11,ca,1,-0.29110,nan,1,0.31445,nan,2,-0.10975,0.00093,4,0.00012,0.04620,3,0.01525,0.00160
ZINC00342351,32,12,ca,1,-0.29262,nan,1,0.31344,nan,2,-0.11020,0.00507,4,-0.00008,0.04783,3,0.01415,0.00384
ZINC00342352,35,12,ca,1,-0.29224,nan,1,0.31577,nan,2,-0.10969,0.00378,4,-0.00031,0.04653,3,0.01258,0.00528
ZINC00342353,32,11,ca,1,-0.29254,nan,1,0.31629,nan,2,-0.11005,0.00114,4,0.00124,0.04465,3,0.01076,0.00530
ZINC00342354,35,11,ca,1,-0.29018,nan,1,0.31334,nan,2,-0.10990,0.00084,4,0.00162,0.04426,3,0.00101,0.01936
ZINC00342782,27,10,ca,1,-0.30690,nan,1,0.30224,nan,2,-0.08392,0.00000,4,-0.01263,0.05427,3,0.02077,0.00246
ZINC00343007,29,9,ca,1,-0.32412,nan,1,0.32633,nan,2,-0.11511,0.03442,4,-0.00208,0.05948,5,0.01912,0.02031
ZINC00343009,24,11,ca,1,-0.31798,nan,1,0.32015,nan,2,-0.09452,0.00156,4,-0.01861,0.06880,3,0.04598,0.02340
ZINC00344668,30,11,ca,1,-0.31335,nan,1,0.33392,nan,2,-0.11499,0.00000,4,0.00169,0.04460,3,0.01149,0.01009
ZINC00344731,31,13,ca,1,-0.28727,nan,1,0.30037,nan,2,-0.09798,0.00000,4,-0.00146,0.04248,3,0.01210,0.00685
ZINC00344743,16,6,cd,1,-0.32725,nan,1,0.36620,nan,2,-0.11630,0.10842,3,-0.00638,0.10283,2,0.06789,0.07612
ZINC00345578,24,8,ca,1,-0.27147,nan,1,0.31948,nan,2,-0.13189,0.01697,4,0.01878,0.02916,5,0.00133,0.00507
ZINC00347099,30,8,ca,1,-0.31441,nan,1,0.33754,nan,2,-0.14927,0.05964,4,0.02920,0.06006,5,-0.00004,0.02196
ZINC00347125,28,8,cd,1,-0.36162,nan,1,0.46067,nan,2,-0.19060,0.00479,4,0.00756,0.04996,6,0.01346,0.00377
ZINC00347332,26,10,ca,1,-0.27118,nan,1,0.31228,nan,2,-0.11858,0.00471,4,0.00147,0.04572,3,0.03185,0.02648
ZINC00347928,35,8,c3,1,-0.24537,nan,1,0.28775,nan,3,-0.08303,0.08493,6,-0.00503,0.05061,6,0.02526,0.01859
ZINC00348212,27,12,ca,1,-0.30849,nan,1,0.32411,nan,2,-0.10733,0.00000,4,-0.00221,0.04717,3,0.01476,0.00628
ZINC00348881,15,8,cd,1,-0.30546,nan,1,0.23777,nan,2,0.00428,0.01365,2,-0.08694,0.07064,2,0.06224,0.03837
ZINC00349309,21,10,ca,1,-0.29793,nan,1,0.31877,nan,2,-0.10685,0.00000,4,-0.00019,0.04352,3,0.01174,0.00910
ZINC00351758,28,12,cc,1,-0.34578,nan,1,0.37827,nan,2,-0.10432,0.07950,3,-0.02154,0.08829,2,0.06193,0.06809
ZINC00353782,25,11,ca,1,-0.29036,nan,1,0.30476,nan,2,-0.10659,0.00909,4,-0.00533,0.06012,3,0.04021,0.02415
ZINC00353840,24,7,ca,1,-0.36038,nan,1,0.53161,nan,2,-0.28418,0.02814,4,0.07785,0.01494,4,-0.02240,0.02080
ZINC00353974,25,9,ca,1,-0.31587,nan,1,0.30427,nan,2,-0.09649,0.02631,4,-0.00873,0.05727,5,0.02038,0.01959
ZINC00353975,25,11,ca,1,-0.31098,nan,1,0.31397,nan,2,-0.09546,0.00103,4,-0.01446,0.06529,3,0.04678,0.02863
ZINC00354636,23,9,ca,1,-0.26382,nan,1,0.27114,nan,2,-0.08118,0.00000,4,-0.00907,0.04571,3,0.02117,0.00815
ZINC00355979,23,9,cd,1,-0.35658,nan,1,0.45050,nan,2,-0.18981,0.05757,4,0.01883,0.04522,3,0.03791,0.01753
ZINC00357477,31,10,ca,1,-0.35446,nan,1,0.41568,nan,2,-0.18413,0.08176,4,0.02750,0.07449,4,-0.00616,0.06519
ZINC00358166,23,11,ca,1,-0.31090,nan,1,0.31948,nan,2,-0.10082,0.00000,4,-0.00574,0.05043,3,0.01732,0.00392
ZINC00358193,28,11,ca,1,-0.31821,nan,1,0.32936,nan,2,-0.10688,0.00000,4,-0.00495,0.05213,3,0.01959,0.00016
ZINC00358211,27,11,ca,1,-0.30544,nan,1,0.31518,nan,2,-0.09760,0.00000,4,-0.00914,0.05331,3,0.02181,0.00171
ZINC00358656,30,14,ca,1,-0.31602,nan,1,0.32634,nan,2,-0.09932,0.00000,4,-0.00905,0.05265,3,0.02078,0.00140
ZINC00358778,20,7,ca,1,-0.27256,nan,1,0.25751,nan,2,-0.07552,0.01359,4,-0.01658,0.04028,6,0.01936,0.00844
ZINC00358779,36,10,ca,1,-0.29615,nan,1,0.29396,nan,2,-0.09233,0.00931,4,-0.01292,0.04377,6,0.01801,0.01401
ZINC00358780,34,10,ca,1,-0.27048,nan,1,0.23878,nan,2,-0.05942,0.00523,4,-0.02469,0.04763,6,0.02612,0.02130
ZINC00358783,34,10,ca,1,-0.27090,nan,1,0.23825,nan,2,-0.05967,0.00258,4,-0.02291,0.04591,6,0.02490,0.02160
ZINC00358784,36,12,ca,1,-0.28793,nan,1,0.26913,nan,2,-0.07226,0.00007,4,-0.02461,0.04816,6,0.02353,0.01415
ZINC00358785,28,9,ca,1,-0.29512,nan,1,0.26420,nan,2,-0.06337,0.00232,4,-0.03084,0.05299,6,0.02744,0.01756
ZINC00358787,31,9,ca,1,-0.28785,nan,1,0.28543,nan,2,-0.08622,0.00456,4,-0.01616,0.03942,6,0.01805,0.00822
ZINC00358788,26,11,ca,1,-0.29305,nan,1,0.27729,nan,2,-0.07832,0.00748,4,-0.02124,0.04604,6,0.02250,0.01249
ZINC00358789,32,9,ca,1,-0.25887,nan,1,0.23635,nan,2,-0.07330,0.01315,4,-0.01162,0.04546,6,0.02132,0.02415
ZINC00358790,36,11,ca,1,-0.28913,nan,1,0.30369,nan,2,-0.10350,0.00050,4,-0.00533,0.03426,6,0.01363,0.01282
ZINC00359183,28,9,ca,1,-0.36221,nan,1,0.40285,nan,2,-0.17289,0.06999,4,0.02501,0.08044,4,0.01490,0.05284
ZINC00359636,27,9,ca,1,-0.30021,nan,1,0.27871,nan,2,-0.08324,0.01421,4,-0.01748,0.04659,5,0.02918,0.01360
ZINC00359683,30,13,ca,1,-0.29253,nan,1,0.32110,nan,2,-0.11255,0.03235,4,-0.00403,0.05320,3,0.03861,0.03520
ZINC00360160,25,11,ca,1,-0.33230,nan,1,0.41140,nan,2,-0.18053,0.02884,4,0.03797,0.02949,5,-0.01110,0.04228
ZINC00360162,28,11,ca,1,-0.32984,nan,1,0.39586,nan,2,-0.16398,0.03396,4,0.02786,0.03407,5,-0.00722,0.04101
ZINC00360163,31,11,ca,1,-0.33223,nan,1,0.40151,nan,2,-0.16807,0.04053,4,0.03132,0.03598,5,-0.01019,0.04724
ZINC00360366,26,11,ca,1,-0.29603,nan,1,0.31495,nan,2,-0.10205,0.00980,4,-0.00783,0.05294,3,0.03080,0.01431
ZINC00360758,26,12,ca,1,-0.30181,nan,1,0.30319,nan,2,-0.09491,0.00000,4,-0.00756,0.05244,3,0.02271,0.00825
ZINC00360857,27,12,ca,1,-0.30026,nan,1,0.31745,nan,2,-0.10791,0.00000,4,-0.00178,0.04648,3,0.01764,0.00045
ZINC00361711,30,11,ca,1,-0.31777,nan,1,0.31420,nan,2,-0.09268,0.00735,4,-0.01532,0.06394,3,0.04554,0.02688
ZINC00361845,32,12,ca,1,-0.30434,nan,1,0.32083,nan,2,-0.10396,0.00000,4,-0.00323,0.04640,3,0.01338,0.00889
ZINC00362075,26,12,ca,1,-0.30054,nan,1,0.31955,nan,2,-0.10763,0.00000,4,-0.00301,0.04821,3,0.01854,0.00041
ZINC00362249,30,12,ca,1,-0.30414,nan,1,0.32117,nan,2,-0.10798,0.00000,4,-0.00239,0.04803,3,0.01618,0.00420
ZINC00362348,28,9,ca,1,-0.33293,nan,1,0.33358,nan,2,-0.11255,0.02975,4,-0.00775,0.05694,5,0.02072,0.02042
ZINC00362578,23,11,ca,1,-0.29454,nan,1,0.31509,nan,2,-0.10739,0.00000,4,-0.00286,0.04769,3,0.01942,0.00224
ZINC00362725,32,8,ca,1,-0.34297,nan,1,0.34007,nan,2,-0.10897,0.02307,4,-0.00952,0.05403,5,0.01950,0.01882
ZINC00362805,26,11,ca,1,-0.30718,nan,1,0.32562,nan,2,-0.10984,0.00000,4,-0.00211,0.04841,3,0.01606,0.00457
ZINC00362980,32,11,cd,1,-0.37285,nan,1,0.47808,nan,2,-0.20710,0.01760,4,0.02978,0.04994,2,0.01978,0.08973
ZINC00363004,21,9,ca,1,-0.31396,nan,1,0.32131,nan,2,-0.10214,0.00000,4,-0.00716,0.05366,3,0.02246,0.00456
ZINC00363183,27,12,ca,1,-0.29526,nan,1,0.31478,nan,2,-0.10557,0.00000,4,-0.00339,0.04772,3,0.01804,0.00044
ZINC00363340,24,12,ca,1,-0.30519,nan,1,0.32578,nan,2,-0.11121,0.00000,4,-0.00150,0.04726,3,0.01744,0.00096
ZINC00364410,30,12,ca,1,-0.29872,nan,1,0.31904,nan,2,-0.10672,0.00000,4,-0.00252,0.04625,3,0.01670,0.00219
ZINC00364784,29,9,ca,1,-0.32652,nan,1,0.30983,nan,2,-0.09924,0.02749,4,-0.00707,0.05868,5,0.02288,0.01726
ZINC00364830,26,10,ca,1,-0.30501,nan,1,0.29803,nan,2,-0.08678,0.00138,4,-0.01401,0.06505,3,0.04325,0.02407
ZINC00365183,29,13,ca,1,-0.29925,nan,1,0.30849,nan,2,-0.09439,0.00000,4,-0.00731,0.04875,3,0.01852,0.00120
ZINC00365517,25,12,ca,1,-0.29789,nan,1,0.30583,nan,2,-0.09552,0.00000,4,-0.00534,0.04731,3,0.01642,0.00261
ZINC00367502,31,7,ca,1,-0.38033,nan,1,0.37438,nan,2,-0.15345,0.05873,4,0.02406,0.06978,6,-0.00771,0.05568
ZINC00368328,29,11,ca,1,-0.26196,nan,1,0.29819,nan,2,-0.11868,0.01707,4,0.00358,0.03210,6,0.01537,0.02395
ZINC00368677,30,9,ca,1,-0.29900,nan,1,0.30997,nan,2,-0.09506,0.00226,4,-0.01177,0.05587,3,0.03386,0.01564
ZINC00369156,28,8,cd,1,-0.34542,nan,1,0.45602,nan,2,-0.20260,0.00610,4,0.02801,0.03790,3,0.00783,0.00523
ZINC00369794,25,8,ca,1,-0.33916,nan,1,0.33741,nan,2,-0.10750,0.03008,4,-0.01004,0.06151,5,0.01802,0.02668
ZINC00370571,27,12,cd,1,-0.37155,nan,1,0.44628,nan,2,-0.18402,0.00192,4,0.02412,0.04216,3,0.00855,0.01170
ZINC00370748,23,12,ca,1,-0.31293,nan,1,0.31581,nan,2,-0.09410,0.00000,4,-0.01012,0.05359,3,0.02180,0.00337
ZINC00370808,30,9,ca,1,-0.28741,nan,1,0.35137,nan,2,-0.16654,0.04185,4,0.03124,0.04493,4,0.00157,0.03420
ZINC00370860,25,7,ca,1,-0.30379,nan,1,0.34121,nan,2,-0.14343,0.05165,4,0.01723,0.05183,4,0.00592,0.02970
ZINC00370878,31,9,ca,1,-0.29765,nan,1,0.37326,nan,2,-0.17196,0.06286,4,0.02880,0.05326,4,-0.00966,0.05398
ZINC00370940,27,7,ca,1,-0.28804,nan,1,0.34913,nan,2,-0.16425,0.06431,4,0.03157,0.05142,4,-0.00113,0.03536
ZINC00371073,31,9,ca,1,-0.25856,nan,1,0.27517,nan,2,-0.10721,0.05006,4,0.00635,0.05936,4,0.01404,0.04300
ZINC00371442,30,11,ca,1,-0.29654,nan,1,0.29076,nan,2,-0.08228,0.00461,4,-0.01782,0.06510,3,0.04695,0.02903
ZINC00371816,26,9,cd,1,-0.36637,nan,1,0.46135,nan,2,-0.19590,0.02207,4,0.03111,0.04246,3,-0.00230,0.02636
ZINC00371852,25,8,ca,1,-0.32208,nan,1,0.32140,nan,2,-0.12772,0.03048,4,0.00914,0.03813,5,0.01649,0.01655
ZINC00372147,29,13,ca,1,-0.28010,nan,1,0.31915,nan,2,-0.12157,0.01392,4,0.00466,0.04356,3,0.03198,0.04250
ZINC00372599,29,12,ca,1,-0.30760,nan,1,0.32587,nan,2,-0.10862,0.00000,4,-0.00174,0.04656,3,0.01399,0.00773
ZINC00372603,29,12,ca,1,-0.30942,nan,1,0.32519,nan,2,-0.10918,0.00000,4,-0.00070,0.04608,3,0.01292,0.00909
ZINC00372880,32,9,ca,1,-0.35712,nan,1,0.41191,nan,2,-0.18011,0.08346,4,0.02543,0.07633,4,0.00210,0.05484
ZINC00374121,22,11,ca,1,-0.31843,nan,1,0.33038,nan,2,-0.10438,0.00000,4,-0.00859,0.05573,3,0.02214,0.00103
ZINC00374411,30,7,cd,1,-0.34291,nan,1,0.42847,nan,2,-0.19320,0.00597,4,0.03740,0.03320,3,-0.01258,0.03226
ZINC00375268,36,14,ca,1,-0.29913,nan,1,0.31602,nan,2,-0.10422,0.00000,4,-0.00343,0.04695,3,0.01725,0.00147
ZINC00381866,21,7,ca,1,-0.28245,nan,1,0.27969,nan,2,-0.08046,0.00020,4,-0.01771,0.06571,3,0.04691,0.02656
ZINC00382756,28,9,ca,1,-0.34257,nan,1,0.38998,nan,2,-0.17203,0.06923,4,0.02950,0.06330,4,-0.00021,0.04407
ZINC00382762,22,7,ca,1,-0.36925,nan,1,0.44675,nan,2,-0.20480,0.06846,4,0.03822,0.06045,4,-0.00259,0.03346
ZINC00383049,25,9,ca,1,-0.33380,nan,1,0.32487,nan,2,-0.09895,0.01949,4,-0.01403,0.05397,5,0.02500,0.01600
ZINC00383851,32,9,ca,1,-0.33901,nan,1,0.33260,nan,2,-0.10548,0.02672,4,-0.01082,0.05714,5,0.02123,0.01940
ZINC00385197,26,11,ca,1,-0.30244,nan,1,0.31623,nan,2,-0.10324,0.00000,4,-0.00460,0.04890,3,0.01878,0.00040
ZINC00386441,23,7,ca,1,-0.29332,nan,1,0.31145,nan,2,-0.10044,0.00635,4,-0.01425,0.07288,5,0.03165,0.05145
ZINC00386442,28,9,ca,1,-0.29076,nan,1,0.29864,nan,2,-0.09548,0.01078,4,-0.00935,0.06468,5,0.02686,0.04464
ZINC00387473,20,9,cc,1,-0.31502,nan,1,0.34467,nan,2,-0.11638,0.00693,4,-0.00819,0.06250,3,0.04097,0.02833
ZINC00389598,17,7,ca,1,-0.27869,nan,1,0.31787,nan,2,-0.12733,0.02031,4,0.00659,0.04456,3,0.03432,0.03075
ZINC00389789,13,6,ca,1,-0.32785,nan,1,0.38105,nan,2,-0.15640,0.01149,4,0.01828,0.03456,3,0.00997,0.00489
ZINC00391100,17,6,ca,1,-0.34699,nan,1,0.40146,nan,2,-0.17926,0.05934,4,0.03223,0.05573,4,-0.00378,0.03038
ZINC00391101,17,8,ca,1,-0.29981,nan,1,0.30218,nan,2,-0.09243,0.00000,4,-0.01124,0.05611,3,0.02774,0.01411
ZINC00391102,17,6,ca,1,-0.30545,nan,1,0.33431,nan,2,-0.13296,0.01803,4,0.00701,0.03268,6,0.01258,0.00208
ZINC00391103,14,7,ca,1,-0.29676,nan,1,0.29866,nan,2,-0.09402,0.00000,4,-0.01062,0.05626,3,0.02944,0.01623
ZINC00391104,24,9,ca,1,-0.29640,nan,1,0.30041,nan,2,-0.08671,0.00000,4,-0.01197,0.05285,3,0.02207,0.00515
ZINC00391106,25,8,ca,1,-0.31380,nan,1,0.34711,nan,2,-0.14079,0.01420,4,0.01801,0.05092,4,0.02030,0.04375
ZINC00391477,28,10,cd,1,-0.39264,nan,1,0.46211,nan,2,-0.12195,0.11366,3,-0.04045,0.15853,2,0.08793,0.09680
ZINC00391655,27,12,ca,1,-0.30489,nan,1,0.31391,nan,2,-0.10253,0.00000,4,-0.00455,0.05002,3,0.02142,0.00458
ZINC00392552,24,10,ca,1,-0.31346,nan,1,0.30621,nan,2,-0.08485,0.00000,4,-0.01633,0.06052,3,0.02895,0.01435
ZINC00393042,29,9,cd,1,-0.29903,nan,1,0.35799,nan,2,-0.12760,0.00262,4,-0.00743,0.02856,8,0.01894,0.01864
ZINC00393290,21,9,ca,1,-0.30513,nan,1,0.34514,nan,2,-0.13979,0.04076,4,0.01567,0.06531,5,0.01133,0.02760
ZINC00393510,25,11,ca,1,-0.29534,nan,1,0.30059,nan,2,-0.08746,0.00000,4,-0.01260,0.05338,3,0.02351,0.00541
ZINC00394196,27,10,ca,1,-0.31283,nan,1,0.29583,nan,2,-0.09500,0.01918,4,-0.00077,0.06000,5,0.00171,0.05192
ZINC00394345,24,9,ca,1,-0.28220,nan,1,0.30219,nan,2,-0.10831,0.00243,4,0.00528,0.03873,3,0.01236,0.01168
ZINC00395967,19,9,ca,1,-0.31160,nan,1,0.33650,nan,2,-0.12914,0.03485,4,0.00541,0.05390,3,0.02759,0.00928
ZINC00396013,31,11,ca,1,-0.27970,nan,1,0.29036,nan,2,-0.08220,0.00633,4,-0.02512,0.07272,3,0.05636,0.03303
ZINC00397154,25,6,ca,1,-0.30278,nan,1,0.24540,nan,2,-0.06142,0.03181,4,-0.01990,0.03586,8,0.00782,0.03035
ZINC00398633,25,8,ca,1,-0.23439,nan,1,0.25240,nan,2,-0.09608,0.01026,4,0.00448,0.02878,6,0.00761,0.00593
ZINC00398704,23,9,ca,1,-0.31360,nan,1,0.31118,nan,2,-0.08676,0.00000,4,-0.01306,0.05582,3,0.01899,0.00046
ZINC00398745,25,10,ca,1,-0.29542,nan,1,0.36136,nan,2,-0.15032,0.00645,4,0.01853,0.03378,5,0.00646,0.02220
ZINC00398762,31,13,ca,1,-0.27147,nan,1,0.29665,nan,2,-0.10853,0.00063,4,0.00580,0.03722,3,0.01129,0.00503
ZINC00398875,23,9,ca,1,-0.29737,nan,1,0.31306,nan,2,-0.10510,0.00462,4,-0.00402,0.04703,5,0.01627,0.02902
ZINC00399995,22,9,ca,1,-0.34605,nan,1,0.33529,nan,2,-0.09543,0.00286,4,-0.01597,0.07411,4,0.02954,0.05233
ZINC00400274,27,7,ca,1,-0.26127,nan,1,0.31545,nan,2,-0.14063,0.03627,4,0.02121,0.03849,4,0.00727,0.05516
ZINC00400276,24,9,ca,1,-0.29863,nan,1,0.35309,nan,2,-0.13981,0.00217,4,0.00776,0.03281,4,0.01999,0.02389
ZINC00400325,29,9,ca,1,-0.33918,nan,1,0.32671,nan,2,-0.10336,0.01685,4,-0.01003,0.05343,5,0.02205,0.01547
ZINC00400339,27,8,ca,1,-0.19996,nan,1,0.23383,nan,2,-0.09486,0.00944,4,0.01475,0.02299,6,0.00195,0.00796
ZINC00401805,33,13,ca,1,-0.29998,nan,1,0.31857,nan,2,-0.10815,0.00000,4,-0.00137,0.04636,3,0.01560,0.00332
ZINC00402253,20,8,ca,1,-0.30608,nan,1,0.30822,nan,2,-0.08909,0.00000,4,-0.01454,0.05841,3,0.02700,0.00828
ZINC00403001,19,8,ca,1,-0.40746,nan,1,0.62653,nan,2,-0.35065,0.02853,4,0.09266,0.01977,2,-0.04758,0.00131
ZINC00403123,13,7,cc,1,-0.26426,nan,1,0.26943,nan,2,-0.07861,0.08396,3,-0.00575,0.05691,2,0.04371,0.04567
ZINC00403352,15,8,ca,1,-0.31585,nan,1,0.32852,nan,2,-0.10717,0.01299,4,-0.00366,0.04931,3,0.02175,0.00408
ZINC00403413,17,8,ca,1,-0.31273,nan,1,0.32807,nan,2,-0.11117,0.00000,4,-0.00171,0.04902,3,0.01896,0.00357
ZINC00403444,20,7,ca,1,-0.25325,nan,1,0.27446,nan,2,-0.10334,0.01204,4,0.00122,0.03029,6,0.01338,0.01326
ZINC00403477,22,10,ca,1,-0.30643,nan,1,0.30673,nan,2,-0.09228,0.00218,4,-0.01629,0.06592,3,0.04481,0.02324
ZINC00403478,14,7,ca,1,-0.32760,nan,1,0.34179,nan,2,-0.11589,0.00204,4,-0.00534,0.05607,3,0.03110,0.01221
ZINC00403505,27,12,ca,1,-0.29528,nan,1,0.29815,nan,2,-0.09206,0.00000,4,-0.01016,0.05400,3,0.02650,0.01336
ZINC00403995,20,9,ca,1,-0.29885,nan,1,0.29916,nan,2,-0.09118,0.00000,4,-0.01024,0.05470,3,0.02546,0.01217
ZINC00404164,14,7,ca,1,-0.30732,nan,1,0.32219,nan,2,-0.10491,0.00073,4,-0.00864,0.05461,3,0.03160,0.01264
ZINC00404217,13,6,ca,1,-0.31302,nan,1,0.38358,nan,2,-0.16673,0.00321,4,0.02595,0.02509,3,0.00292,0.00879
ZINC00404218,13,6,ca,1,-0.27325,nan,1,0.31177,nan,2,-0.12396,0.00000,4,0.01156,0.03359,3,0.01074,0.00228
ZINC00404222,12,6,ca,1,-0.40756,nan,1,0.43587,nan,2,-0.12023,0.14382,3,-0.03073,0.11605,3,0.03534,0.01767
ZINC00404435,14,6,ca,1,-0.29212,nan,1,0.31015,nan,2,-0.11326,0.01875,4,0.00330,0.04662,3,0.02048,0.00663
ZINC00406341,28,8,ca,1,-0.37860,nan,1,0.39024,nan,2,-0.12802,0.03785,4,-0.00654,0.07130,5,0.01561,0.03403
ZINC00406922,17,7,ca,1,-0.27415,nan,1,0.29219,nan,2,-0.10204,0.00661,4,-0.00222,0.04636,3,0.02733,0.00946
ZINC00407029,13,6,ca,1,-0.28714,nan,1,0.30209,nan,2,-0.10228,0.01080,4,-0.00286,0.04720,3,0.02200,0.01284
ZINC00407030,13,6,ca,1,-0.31292,nan,1,0.30830,nan,2,-0.09563,0.00000,4,-0.01090,0.05874,3,0.03003,0.01616
ZINC00407076,17,7,ca,1,-0.26845,nan,1,0.29091,nan,2,-0.10636,0.00071,4,0.00134,0.04443,3,0.02084,0.00935
ZINC00408041,16,9,ca,1,-0.32714,nan,1,0.37143,nan,2,-0.14215,0.00168,4,0.01279,0.03976,3,0.00699,0.01160
ZINC00408827,26,8,ca,1,-0.33482,nan,1,0.36459,nan,2,-0.14250,0.05140,4,0.01293,0.06726,5,0.00918,0.02490
ZINC00409257,14,6,ca,1,-0.30936,nan,1,0.34467,nan,2,-0.13172,0.00173,4,0.00765,0.02943,4,0.01249,0.00763
ZINC00409272,16,7,ca,1,-0.27994,nan,1,0.30473,nan,2,-0.10595,0.01696,4,-0.00216,0.04762,3,0.01817,0.00708
ZINC00409350,15,7,ca,1,-0.27877,nan,1,0.31822,nan,2,-0.12040,0.01390,4,0.00626,0.03948,3,0.01164,0.00500
ZINC00409834,17,8,ca,1,-0.30476,nan,1,0.34190,nan,2,-0.13005,0.00000,4,0.00779,0.04126,3,0.01289,0.00419
ZINC00409926,29,12,ca,1,-0.29431,nan,1,0.30440,nan,2,-0.09557,0.00000,4,-0.00904,0.05198,3,0.02435,0.00834
ZINC00410207,27,8,ca,1,-0.31305,nan,1,0.30342,nan,2,-0.09426,0.02431,4,-0.00845,0.06189,5,0.01886,0.02564
ZINC00410266,31,13,ca,1,-0.30438,nan,1,0.30953,nan,2,-0.09677,0.00000,4,-0.00853,0.05330,3,0.02220,0.00400
ZINC00411421,18,8,ca,1,-0.36801,nan,1,0.40988,nan,2,-0.14750,0.00275,4,-0.00485,0.06868,3,0.04571,0.02966
ZINC00429955,27,10,ca,1,-0.30074,nan,1,0.32403,nan,2,-0.10556,0.00177,4,-0.00672,0.05434,3,0.02090,0.00912
ZINC00429956,27,10,ca,1,-0.29983,nan,1,0.32355,nan,2,-0.10598,0.00084,4,-0.00698,0.05452,3,0.02107,0.00602
ZINC00431587,24,9,ca,1,-0.27397,nan,1,0.30936,nan,2,-0.11521,0.02900,4,0.00194,0.04479,3,0.03241,0.02623
ZINC00432230,27,9,ca,1,-0.34170,nan,1,0.41404,nan,2,-0.19312,0.00884,4,0.03263,0.06048,4,0.01749,0.04130
ZINC00433051,26,13,ca,1,-0.28979,nan,1,0.30489,nan,2,-0.10107,0.00000,4,-0.00076,0.04254,3,0.01244,0.00616
ZINC00436410,31,11,ca,1,-0.34458,nan,1,0.38105,nan,2,-0.17196,0.06628,4,0.03468,0.06272,5,-0.00170,0.02408
ZINC00436422,22,10,c3,1,-0.15822,nan,1,0.36447,nan,3,-0.12172,0.06287,2,0.03059,0.00148,2,0.02456,0.03080
ZINC00436444,27,10,ca,1,-0.34382,nan,1,0.33306,nan,2,-0.12187,0.02788,4,0.00327,0.03839,5,0.02373,0.02745
ZINC00438263,26,12,cd,1,-0.39476,nan,1,0.41335,nan,2,-0.10244,0.12390,3,-0.02402,0.11954,2,0.04789,0.05330
ZINC00439178,34,13,ca,1,-0.29601,nan,1,0.31184,nan,2,-0.10384,0.00000,4,-0.00317,0.04722,3,0.01705,0.00229
ZINC00439519,26,9,cd,1,-0.37198,nan,1,0.44154,nan,2,-0.16444,0.00939,4,0.00116,0.06179,3,0.04430,0.02687
ZINC00441621,32,9,ca,1,-0.30210,nan,1,0.31448,nan,2,-0.10683,0.01424,4,-0.00400,0.05434,3,0.03670,0.02460
ZINC00441622,32,9,ca,1,-0.31333,nan,1,0.32276,nan,2,-0.11066,0.01536,4,-0.00397,0.05817,3,0.03990,0.02758
ZINC00442161,28,9,ca,1,-0.32552,nan,1,0.35303,nan,2,-0.13260,0.04320,4,0.00194,0.05340,5,0.01570,0.01820
ZINC00442546,32,13,ca,1,-0.30145,nan,1,0.32048,nan,2,-0.10560,0.00000,4,-0.00254,0.04574,3,0.01442,0.00613
ZINC00442547,32,13,ca,1,-0.30114,nan,1,0.31774,nan,2,-0.10508,0.00000,4,-0.00221,0.04568,3,0.01411,0.00666
ZINC00442590,28,9,ca,1,-0.30703,nan,1,0.30784,nan,2,-0.09009,0.00000,4,-0.01220,0.05600,3,0.02375,0.00492
ZINC00442614,32,13,ca,1,-0.31301,nan,1,0.31267,nan,2,-0.09242,0.00376,4,-0.01720,0.06577,3,0.04621,0.02475
ZINC00443490,29,10,ca,1,-0.31572,nan,1,0.31205,nan,2,-0.08908,0.00000,4,-0.01171,0.05530,3,0.02071,0.00058
ZINC00443521,28,13,ca,1,-0.30912,nan,1,0.31387,nan,2,-0.09450,0.00000,4,-0.00886,0.05204,3,0.02037,0.00351
ZINC00443548,31,12,ca,1,-0.31692,nan,1,0.31283,nan,2,-0.08763,0.00000,4,-0.01300,0.05600,3,0.02190,0.00287
ZINC00443554,29,13,ca,1,-0.30771,nan,1,0.31251,nan,2,-0.09718,0.00000,4,-0.00650,0.05072,3,0.01825,0.00001
ZINC00443633,20,9,ca,1,-0.30918,nan,1,0.31089,nan,2,-0.09425,0.00000,4,-0.00810,0.05163,3,0.01983,0.00215
ZINC00443670,33,13,ca,1,-0.31341,nan,1,0.31564,nan,2,-0.09498,0.00000,4,-0.00828,0.05227,3,0.01845,0.00074
ZINC00443722,24,11,ca,1,-0.29851,nan,1,0.30556,nan,2,-0.09307,0.00979,4,-0.01751,0.07021,3,0.04959,0.02822
ZINC00443747,35,11,ca,1,-0.31194,nan,1,0.31065,nan,2,-0.08409,0.00000,4,-0.01378,0.05513,3,0.01931,0.00185
ZINC00443768,29,10,ca,1,-0.30325,nan,1,0.30650,nan,2,-0.09078,0.00000,4,-0.00887,0.05025,3,0.01877,0.00076
ZINC00443827,27,12,ca,1,-0.31361,nan,1,0.30911,nan,2,-0.09185,0.00434,4,-0.01642,0.06852,3,0.04784,0.02933
ZINC00444005,27,13,ca,1,-0.31650,nan,1,0.31201,nan,2,-0.09243,0.00510,4,-0.01696,0.07049,3,0.05039,0.03369
ZINC00444008,36,11,ca,1,-0.30733,nan,1,0.30483,nan,2,-0.08196,0.00000,4,-0.01452,0.05458,3,0.02082,0.00032
ZINC00444009,36,11,ca,1,-0.31131,nan,1,0.30802,nan,2,-0.08578,0.00000,4,-0.01274,0.05474,3,0.02006,0.00087
ZINC00444089,31,12,ca,1,-0.30127,nan,1,0.30795,nan,2,-0.09577,0.00000,4,-0.00616,0.04893,3,0.01755,0.00058
ZINC00444090,31,12,ca,1,-0.29807,nan,1,0.30733,nan,2,-0.09654,0.00000,4,-0.00551,0.04770,3,0.01709,0.00071
ZINC00444126,30,13,ca,1,-0.30810,nan,1,0.30929,nan,2,-0.08869,0.00000,4,-0.01207,0.05417,3,0.02205,0.00437
ZINC00444134,23,10,ca,1,-0.30916,nan,1,0.31159,nan,2,-0.09532,0.00000,4,-0.00763,0.05189,3,0.01933,0.00184
ZINC00444300,27,13,ca,1,-0.31530,nan,1,0.32378,nan,2,-0.10027,0.00000,4,-0.00644,0.05063,3,0.01759,0.00351
ZINC00444539,22,11,ca,1,-0.30230,nan,1,0.30803,nan,2,-0.09564,0.00000,4,-0.00599,0.04919,3,0.01669,0.00061
ZINC00446247,27,12,ca,1,-0.30777,nan,1,0.32972,nan,2,-0.11759,0.00000,4,0.00394,0.04323,3,0.01195,0.00735
ZINC00446602,32,11,ca,1,-0.26905,nan,1,0.26637,nan,2,-0.07977,0.01785,4,-0.00771,0.03136,6,0.00670,0.01585
ZINC00447541,34,10,ca,1,-0.30745,nan,1,0.31673,nan,2,-0.09469,0.00540,4,-0.01354,0.05961,3,0.03582,0.01931
ZINC00447542,34,10,ca,1,-0.30940,nan,1,0.31635,nan,2,-0.09476,0.00568,4,-0.01414,0.06087,3,0.03781,0.01909
ZINC00448663,25,11,cd,1,-0.33670,nan,1,0.36103,nan,2,-0.09142,0.07625,3,-0.02573,0.09247,2,0.05800,0.06544
ZINC00448787,25,11,cd,1,-0.33642,nan,1,0.36077,nan,2,-0.09200,0.07714,3,-0.02503,0.09237,2,0.05732,0.06484
ZINC00449240,25,8,ca,1,-0.44562,nan,1,0.58259,nan,2,-0.32959,0.00681,4,0.10976,0.04190,5,-0.04231,0.03807
ZINC00449246,22,8,ca,1,-0.39265,nan,1,0.48082,nan,2,-0.24354,0.09975,4,0.06309,0.06481,5,-0.01211,0.04032
ZINC00449279,25,10,ca,1,-0.30866,nan,1,0.32148,nan,2,-0.09868,0.00590,4,-0.02244,0.07982,3,0.07039,0.05306
ZINC00449367,28,8,ca,1,-0.44599,nan,1,0.56517,nan,2,-0.33071,0.00330,4,0.11467,0.05468,5,-0.03806,0.03704
ZINC00449420,27,8,ca,1,-0.39345,nan,1,0.50182,nan,2,-0.27143,0.01364,4,0.07797,0.04201,5,-0.01412,0.02681
ZINC00449430,31,9,ca,1,-0.44445,nan,1,0.58237,nan,2,-0.34014,0.02782,4,0.11823,0.05011,5,-0.04430,0.04321
ZINC00449940,31,13,ca,1,-0.31435,nan,1,0.31314,nan,2,-0.08914,0.00000,4,-0.01193,0.05462,3,0.02105,0.00201
ZINC00449942,27,13,ca,1,-0.31303,nan,1,0.32172,nan,2,-0.09998,0.00000,4,-0.00562,0.04940,3,0.01642,0.00461
ZINC00449943,27,13,ca,1,-0.31132,nan,1,0.32418,nan,2,-0.10485,0.00000,4,-0.00223,0.04638,3,0.01370,0.00712
ZINC00449973,28,14,ca,1,-0.31458,nan,1,0.32296,nan,2,-0.10147,0.00000,4,-0.00494,0.04933,3,0.01680,0.00122
ZINC00449998,28,13,ca,1,-0.31151,nan,1,0.32037,nan,2,-0.09973,0.00000,4,-0.00557,0.04921,3,0.01643,0.00446
ZINC00450149,23,9,ca,1,-0.31275,nan,1,0.31260,nan,2,-0.09220,0.00000,4,-0.01016,0.05440,3,0.02087,0.00248
ZINC00450245,26,12,ca,1,-0.30568,nan,1,0.32020,nan,2,-0.10322,0.00000,4,-0.00634,0.05159,3,0.01911,0.00161
ZINC00450271,33,12,ca,1,-0.31500,nan,1,0.31344,nan,2,-0.08955,0.00000,4,-0.01138,0.05448,3,0.01986,0.00031
ZINC00453064,32,10,ca,1,-0.30053,nan,1,0.31005,nan,2,-0.09281,0.00778,4,-0.02022,0.07423,3,0.05699,0.04134
ZINC00453430,29,9,ca,1,-0.28994,nan,1,0.34967,nan,2,-0.16130,0.03930,4,0.02712,0.04369,4,0.00372,0.03441
ZINC00453432,29,12,ca,1,-0.31935,nan,1,0.32372,nan,2,-0.10190,0.00000,4,-0.00534,0.05218,3,0.01672,0.00155
ZINC00453514,32,9,ca,1,-0.28018,nan,1,0.35893,nan,2,-0.17279,0.03217,4,0.03279,0.04292,4,-0.00648,0.04855
ZINC00453554,29,13,ca,1,-0.31600,nan,1,0.30723,nan,2,-0.08505,0.00000,4,-0.01681,0.06225,3,0.02917,0.01338
ZINC00453634,29,10,ca,1,-0.31191,nan,1,0.32957,nan,2,-0.09049,0.00713,4,-0.02992,0.08485,3,0.04200,0.03119
ZINC00454786,27,12,ca,1,-0.30339,nan,1,0.31566,nan,2,-0.09433,0.01021,4,-0.02433,0.07841,3,0.06839,0.04957
ZINC00455651,26,11,ca,1,-0.31764,nan,1,0.31677,nan,2,-0.09030,0.00805,4,-0.01873,0.06706,3,0.04859,0.02859
ZINC00455937,22,10,ca,1,-0.31659,nan,1,0.31651,nan,2,-0.09391,0.00230,4,-0.01581,0.06612,3,0.04750,0.02803
ZINC00456482,32,10,ca,1,-0.30522,nan,1,0.31764,nan,2,-0.09833,0.00015,4,-0.01549,0.06383,3,0.04237,0.02187
ZINC00456745,30,9,ca,1,-0.32179,nan,1,0.33362,nan,2,-0.12319,0.03975,4,0.00451,0.05609,5,0.00976,0.02653
ZINC00456746,30,8,ca,1,-0.32537,nan,1,0.33242,nan,2,-0.12019,0.03333,4,-0.00080,0.05137,5,0.01915,0.01494
ZINC00456751,26,10,ca,1,-0.33008,nan,1,0.36935,nan,2,-0.14802,0.04945,4,0.01047,0.04956,5,0.01424,0.01319
ZINC00456761,32,8,ca,1,-0.32163,nan,1,0.33112,nan,2,-0.12408,0.04281,4,0.00603,0.05288,5,0.00786,0.02933
ZINC00457073,26,13,ca,1,-0.30877,nan,1,0.31192,nan,2,-0.09413,0.00000,4,-0.00749,0.05038,3,0.01851,0.00137
ZINC00457615,23,8,ca,1,-0.25822,nan,1,0.30714,nan,2,-0.12938,0.01392,4,0.01323,0.03592,3,0.01903,0.01545
ZINC00457985,24,11,ca,1,-0.30318,nan,1,0.32169,nan,2,-0.10444,0.01665,4,-0.01723,0.07095,3,0.06024,0.03873
ZINC00458488,26,9,ca,1,-0.28791,nan,1,0.29604,nan,2,-0.09070,0.00051,4,-0.01711,0.06795,3,0.05056,0.03278
ZINC00461710,28,11,ca,1,-0.30244,nan,1,0.32369,nan,2,-0.10696,0.00000,4,-0.00363,0.04761,3,0.01733,0.00207
ZINC00461711,28,11,ca,1,-0.30478,nan,1,0.32483,nan,2,-0.10917,0.00000,4,-0.00204,0.04716,3,0.01638,0.00279
ZINC00461950,35,10,ca,1,-0.29955,nan,1,0.31315,nan,2,-0.09944,0.00984,4,-0.00933,0.05385,3,0.02873,0.01280
ZINC00462264,36,13,ca,1,-0.30486,nan,1,0.30879,nan,2,-0.09216,0.00000,4,-0.00816,0.05032,3,0.01738,0.00130
ZINC00463409,26,13,ca,1,-0.32616,nan,1,0.32624,nan,2,-0.09852,0.00000,4,-0.00903,0.05500,3,0.02192,0.00261
ZINC00464317,24,10,ca,1,-0.30535,nan,1,0.35249,nan,2,-0.14687,0.03957,4,0.01868,0.06433,5,0.01030,0.02710
ZINC00464384,27,11,ca,1,-0.34660,nan,1,0.33320,nan,2,-0.10916,0.02622,4,-0.00579,0.05349,5,0.02360,0.01409
ZINC00464518,22,10,ca,1,-0.30593,nan,1,0.32395,nan,2,-0.10546,0.00000,4,-0.00457,0.04850,3,0.01796,0.00193
ZINC00464710,29,13,ca,1,-0.38313,nan,1,0.47663,nan,2,-0.21121,0.02469,4,0.04383,0.02333,2,-0.02967,0.05814
ZINC00464844,33,13,ca,1,-0.31914,nan,1,0.32450,nan,2,-0.09775,0.00000,4,-0.01043,0.05509,3,0.02211,0.00106
ZINC00464864,35,7,ca,1,-0.32494,nan,1,0.36719,nan,2,-0.15929,0.06869,4,0.01729,0.05152,5,0.00894,0.02225
ZINC00465100,27,9,ca,1,-0.34875,nan,1,0.34333,nan,2,-0.11165,0.02457,4,-0.00546,0.06497,5,0.01955,0.02262
ZINC00465161,28,10,ca,1,-0.29525,nan,1,0.30646,nan,2,-0.09402,0.00000,4,-0.01173,0.05501,3,0.02394,0.00450
ZINC00466527,23,6,ca,1,-0.37143,nan,1,0.42839,nan,2,-0.18217,0.05472,4,0.03637,0.07820,5,-0.01248,0.04858
ZINC00466656,27,9,ca,1,-0.36013,nan,1,0.33705,nan,2,-0.11807,0.03594,4,-0.00024,0.04681,5,0.02651,0.02533
ZINC00466865,26,12,ca,1,-0.32884,nan,1,0.32978,nan,2,-0.09914,0.00000,4,-0.00934,0.05663,3,0.02007,0.00089
ZINC00467332,26,8,ca,1,-0.35853,nan,1,0.39784,nan,2,-0.17862,0.03846,4,0.03453,0.06573,4,0.00239,0.04571
ZINC00468821,30,9,cc,1,-0.34120,nan,1,0.35191,nan,2,-0.08673,0.06805,3,-0.02071,0.06618,2,0.04155,0.03555
ZINC00469752,34,9,ca,1,-0.25403,nan,1,0.33593,nan,2,-0.16898,0.04182,4,0.03588,0.03818,4,-0.01003,0.05016
ZINC00470027,21,6,ca,1,-0.32937,nan,1,0.40172,nan,2,-0.18759,0.06063,4,0.03733,0.05157,4,-0.00384,0.03028
ZINC00470389,25,9,ca,1,-0.30963,nan,1,0.30323,nan,2,-0.07915,0.00000,4,-0.01919,0.06110,3,0.02717,0.00880
ZINC00470438,29,8,ca,1,-0.38974,nan,1,0.49740,nan,2,-0.25085,0.09517,4,0.05973,0.06378,5,-0.00827,0.04269
ZINC00470555,21,9,ca,1,-0.30952,nan,1,0.33290,nan,2,-0.11411,0.00259,4,-0.00700,0.05648,3,0.03198,0.01308
ZINC00470935,31,14,ca,1,-0.29811,nan,1,0.29860,nan,2,-0.08679,0.00000,4,-0.01326,0.05603,3,0.02536,0.00962
ZINC00473220,24,10,cc,1,-0.34365,nan,1,0.37230,nan,2,-0.10193,0.07560,3,-0.02036,0.08013,2,0.05878,0.06200
ZINC00475143,27,9,ca,1,-0.32387,nan,1,0.38737,nan,2,-0.17255,0.00691,4,0.02715,0.05457,4,0.01404,0.03699
ZINC00476861,23,8,ca,1,-0.37633,nan,1,0.45332,nan,2,-0.22141,0.05959,4,0.04828,0.06275,4,-0.00275,0.03876
ZINC00477932,27,12,cd,1,-0.34613,nan,1,0.40308,nan,2,-0.15833,0.04042,4,0.01463,0.04081,3,0.02980,0.02059
ZINC00478125,34,8,ca,1,-0.22412,nan,1,0.22469,nan,2,-0.07734,0.00703,4,-0.00517,0.03177,6,0.01411,0.00295
ZINC00479864,31,9,ca,1,-0.28917,nan,1,0.32287,nan,2,-0.13917,0.04880,4,0.01984,0.05228,4,0.00463,0.04165
ZINC00479867,28,7,ca,1,-0.28436,nan,1,0.29838,nan,2,-0.11631,0.03924,4,0.00995,0.05713,4,0.01078,0.04057
ZINC00479871,25,7,ca,1,-0.29474,nan,1,0.31570,nan,2,-0.12900,0.04067,4,0.01454,0.05322,4,0.00859,0.03890
ZINC00480745,24,6,cd,1,-0.29170,nan,1,0.33037,nan,2,-0.13643,0.05730,4,0.01686,0.05557,6,0.01862,0.02682
ZINC00480761,26,7,cd,1,-0.24772,nan,1,0.25625,nan,2,-0.10887,0.06055,4,0.02154,0.05483,7,-0.00044,0.02867
ZINC00480762,26,7,cd,1,-0.24819,nan,1,0.25985,nan,2,-0.10967,0.05612,4,0.02032,0.05167,7,0.00005,0.02737
ZINC00481155,29,13,ca,1,-0.29201,nan,1,0.30402,nan,2,-0.09637,0.00000,4,-0.00720,0.04998,3,0.02079,0.00506
ZINC00481363,25,10,ca,1,-0.43478,nan,1,0.52612,nan,2,-0.23301,0.02874,4,0.04982,0.03537,3,-0.01090,0.02654
ZINC00481547,16,6,ca,1,-0.43888,nan,1,0.66163,nan,2,-0.37110,0.04725,4,0.10677,0.02654,3,-0.04936,0.03481
ZINC00483021,36,9,cd,1,-0.32527,nan,1,0.41428,nan,2,-0.18210,0.00288,4,0.03528,0.03906,3,-0.02257,0.04001
ZINC00483026,29,9,cc,1,-0.35519,nan,1,0.43273,nan,2,-0.17975,0.05911,4,0.02290,0.04740,3,0.01381,0.00956
ZINC00483031,29,8,cc,1,-0.34661,nan,1,0.42394,nan,2,-0.17254,0.04797,4,0.01766,0.04050,3,0.02475,0.01902
ZINC00483032,29,8,cc,1,-0.34722,nan,1,0.42905,nan,2,-0.17792,0.04710,4,0.01928,0.04140,3,0.02559,0.01889
ZINC00483092,30,9,cd,1,-0.34912,nan,1,0.44947,nan,2,-0.19278,0.05562,4,0.02259,0.04141,3,0.03158,0.01701
ZINC00483221,33,10,cd,1,-0.34863,nan,1,0.44435,nan,2,-0.19029,0.05357,4,0.02165,0.03863,3,0.03564,0.01684
ZINC00483350,36,8,cc,1,-0.34328,nan,1,0.45321,nan,2,-0.21205,0.09421,4,0.03804,0.05424,3,0.01318,0.03449
ZINC00483351,36,8,cc,1,-0.34530,nan,1,0.45854,nan,2,-0.21543,0.09707,4,0.03808,0.05317,3,0.01448,0.03252
ZINC00483383,23,8,cd,1,-0.34273,nan,1,0.41759,nan,2,-0.17086,0.03042,4,0.02465,0.04001,3,-0.00269,0.02272
ZINC00483388,30,8,cd,1,-0.35186,nan,1,0.44607,nan,2,-0.19894,0.00649,4,0.03646,0.03613,3,-0.01356,0.01831
ZINC00483459,33,8,cc,1,-0.33654,nan,1,0.44780,nan,2,-0.21176,0.08251,4,0.03961,0.04932,3,0.00889,0.03193
ZINC00483461,33,8,cc,1,-0.33068,nan,1,0.43490,nan,2,-0.20379,0.08873,4,0.03759,0.04793,3,0.00190,0.03096
ZINC00483474,31,11,cd,1,-0.35326,nan,1,0.43065,nan,2,-0.17199,0.04378,4,0.01653,0.04217,3,0.02758,0.02468
ZINC00483475,31,11,cd,1,-0.35469,nan,1,0.42875,nan,2,-0.16866,0.05770,4,0.01601,0.04822,3,0.02770,0.02533
ZINC00483506,27,8,cd,1,-0.34315,nan,1,0.43348,nan,2,-0.18258,0.01619,4,0.02893,0.04054,3,0.00057,0.02422
ZINC00483565,22,8,cd,1,-0.33435,nan,1,0.45022,nan,2,-0.20831,0.06538,4,0.03414,0.04037,3,0.01641,0.02866
ZINC00483581,33,7,cc,1,-0.33881,nan,1,0.44566,nan,2,-0.21256,0.10611,4,0.04000,0.05508,3,0.01043,0.02052
ZINC00483582,33,7,cc,1,-0.33748,nan,1,0.43791,nan,2,-0.20494,0.10236,4,0.03792,0.05463,3,0.00976,0.01774
ZINC00484132,27,11,ca,1,-0.30752,nan,1,0.32856,nan,2,-0.11266,0.00000,4,-0.00019,0.04611,3,0.01482,0.00535
ZINC00484598,26,12,cc,1,-0.30200,nan,1,0.33079,nan,2,-0.11151,0.00094,4,-0.00803,0.06003,3,0.03889,0.02546
ZINC00487828,28,10,ca,1,-0.27894,nan,1,0.28797,nan,2,-0.08306,0.00991,4,-0.02324,0.07230,3,0.05572,0.03616
ZINC00492100,25,9,ca,1,-0.35029,nan,1,0.34406,nan,2,-0.11397,0.03358,4,-0.00750,0.06279,5,0.02472,0.01956
ZINC00493594,27,12,ca,1,-0.29783,nan,1,0.31277,nan,2,-0.10097,0.00000,4,-0.00504,0.04805,3,0.01831,0.00036
ZINC00497967,29,13,ca,1,-0.28519,nan,1,0.29712,nan,2,-0.09500,0.00000,4,-0.00670,0.04863,3,0.02194,0.00843
ZINC00499691,18,7,cc,1,-0.60344,nan,1,0.76373,nan,2,-0.36259,0.33756,3,0.12998,0.18412,2,-0.08141,0.00000
ZINC00500814,27,9,c3,1,-0.26146,nan,1,0.41237,nan,3,-0.07899,0.03713,3,0.04025,0.05361,8,-0.02241,0.01144
ZINC00500815,27,7,c3,1,-0.29073,nan,1,0.59093,nan,3,-0.16319,0.02943,3,-0.01393,0.03778,8,0.01588,0.01386
ZINC00501036,20,9,ca,1,-0.28566,nan,1,0.28296,nan,2,-0.07731,0.00765,4,-0.02342,0.06893,3,0.05065,0.02833
ZINC00502607,21,8,ca,1,-0.33304,nan,1,0.29979,nan,2,-0.04199,0.11732,3,-0.05001,0.11412,4,0.03030,0.03166
ZINC00503089,28,13,ca,1,-0.31610,nan,1,0.32327,nan,2,-0.09649,0.00000,4,-0.00896,0.05193,3,0.01919,0.00027
ZINC00504191,28,8,ca,1,-0.31927,nan,1,0.34938,nan,2,-0.14869,0.05647,4,0.01943,0.05179,5,0.00674,0.01857
ZINC00505825,22,9,ca,1,-0.33411,nan,1,0.40714,nan,2,-0.17351,0.03074,4,0.03029,0.03238,5,-0.00601,0.03802
ZINC00505826,29,12,ca,1,-0.32121,nan,1,0.39269,nan,2,-0.16554,0.01402,4,0.02676,0.02624,5,-0.00400,0.03251
ZINC00505827,26,12,ca,1,-0.33681,nan,1,0.40293,nan,2,-0.16588,0.01717,4,0.02510,0.03160,5,-0.00452,0.03845
ZINC00505828,26,12,ca,1,-0.35299,nan,1,0.40131,nan,2,-0.16110,0.02115,4,0.02727,0.02803,5,-0.00719,0.03929
ZINC00505829,28,12,ca,1,-0.32837,nan,1,0.39981,nan,2,-0.16782,0.01685,4,0.02767,0.02912,5,-0.00572,0.03786
ZINC00506057,27,12,ca,1,-0.30592,nan,1,0.31131,nan,2,-0.09613,0.00000,4,-0.00576,0.04838,3,0.01670,0.00332
ZINC00508206,27,10,cc,1,-0.38915,nan,1,0.46621,nan,2,-0.19640,0.00512,4,0.02927,0.04188,3,0.00621,0.01302
ZINC00511205,23,11,ca,1,-0.31183,nan,1,0.32686,nan,2,-0.10656,0.00000,4,-0.00265,0.04732,3,0.01411,0.00908
ZINC00512410,28,9,ca,1,-0.33401,nan,1,0.31849,nan,2,-0.10499,0.03880,4,-0.00283,0.07177,5,0.01484,0.03089
ZINC00512714,30,12,ca,1,-0.27851,nan,1,0.24898,nan,2,-0.06125,0.00337,4,-0.02425,0.04418,6,0.02208,0.01139
ZINC00513793,25,8,ca,1,-0.30898,nan,1,0.36194,nan,2,-0.15565,0.06151,4,0.01889,0.04889,5,0.00848,0.01270
ZINC00513795,25,10,ca,1,-0.30825,nan,1,0.31302,nan,2,-0.09597,0.00400,4,-0.01199,0.05897,3,0.03982,0.02185
ZINC00513796,25,12,ca,1,-0.32268,nan,1,0.32981,nan,2,-0.10409,0.00000,4,-0.00640,0.05326,3,0.02034,0.00033
ZINC00515299,28,12,ca,1,-0.31313,nan,1,0.31703,nan,2,-0.09480,0.00000,4,-0.00882,0.05235,3,0.01866,0.00079
ZINC00516037,29,13,ca,1,-0.30472,nan,1,0.30597,nan,2,-0.09093,0.00000,4,-0.01015,0.05309,3,0.02188,0.00425
ZINC00520304,28,11,ca,1,-0.28677,nan,1,0.29990,nan,2,-0.09348,0.00495,4,-0.01570,0.06482,3,0.04710,0.03083
ZINC00521732,26,8,ca,1,-0.31453,nan,1,0.36760,nan,2,-0.17890,0.07298,4,0.04451,0.05801,5,-0.00564,0.01717
ZINC00522741,29,7,c3,1,-0.20174,nan,1,0.29740,nan,3,-0.09875,0.06064,3,0.05268,0.03171,4,-0.01535,0.00000
ZINC00524551,31,12,ca,1,-0.35333,nan,1,0.40015,nan,2,-0.16868,0.07867,4,0.02042,0.07661,4,0.00874,0.04415
ZINC00524558,28,11,ca,1,-0.35730,nan,1,0.40801,nan,2,-0.18268,0.06558,4,0.02770,0.07353,4,0.01108,0.04690
ZINC00524560,30,11,ca,1,-0.36081,nan,1,0.41577,nan,2,-0.17640,0.08296,4,0.02111,0.07847,4,0.00788,0.05008
ZINC00528818,22,10,ca,1,-0.34618,nan,1,0.34975,nan,2,-0.10577,0.00000,4,-0.00500,0.05248,3,0.01241,0.00974
ZINC00528831,29,10,ca,1,-0.31814,nan,1,0.35461,nan,2,-0.16601,0.06923,4,0.03949,0.06248,5,-0.00441,0.02123
ZINC00529116,30,9,ca,1,-0.31104,nan,1,0.31097,nan,2,-0.08771,0.00000,4,-0.01553,0.05961,3,0.02629,0.00505
ZINC00529244,30,12,ca,1,-0.29334,nan,1,0.27090,nan,2,-0.07177,0.00192,4,-0.02606,0.04905,6,0.02553,0.01620
ZINC00531875,25,10,ca,1,-0.29697,nan,1,0.31129,nan,2,-0.09828,0.00446,4,-0.01383,0.06272,3,0.04363,0.02741
ZINC00535977,31,8,ca,1,-0.43366,nan,1,0.52138,nan,2,-0.29147,0.01803,4,0.09740,0.06603,5,-0.02923,0.04091
ZINC00557440,35,12,ca,1,-0.26972,nan,1,0.30522,nan,2,-0.11938,0.02288,4,0.00129,0.03504,6,0.01772,0.02805
ZINC00557441,30,12,ca,1,-0.27616,nan,1,0.31354,nan,2,-0.12762,0.01468,4,0.00722,0.03412,6,0.01626,0.03055
ZINC00557461,26,9,ca,1,-0.26735,nan,1,0.30394,nan,2,-0.11955,0.01654,4,0.00147,0.03372,6,0.01652,0.02593
ZINC00557577,28,11,ca,1,-0.31228,nan,1,0.31249,nan,2,-0.09337,0.00208,4,-0.01488,0.06454,3,0.04580,0.02711
ZINC00557608,28,10,ca,1,-0.31598,nan,1,0.32698,nan,2,-0.11732,0.04085,4,0.00165,0.05883,5,0.01248,0.02425
ZINC00557873,30,12,ca,1,-0.30928,nan,1,0.32708,nan,2,-0.10587,0.02742,4,-0.00411,0.05278,3,0.01359,0.00671
ZINC00557874,30,12,ca,1,-0.29214,nan,1,0.31412,nan,2,-0.10893,0.00432,4,0.00086,0.04521,3,0.01539,0.00280
ZINC00558128,25,9,ca,1,-0.31448,nan,1,0.31961,nan,2,-0.11153,0.03393,4,-0.00004,0.05987,5,0.01216,0.02622
ZINC00558447,26,12,ca,1,-0.33994,nan,1,0.39944,nan,2,-0.16612,0.03750,4,0.03150,0.03412,5,-0.01076,0.04796
ZINC00558849,21,7,ca,1,-0.29659,nan,1,0.30846,nan,2,-0.10138,0.00322,4,-0.00815,0.05642,3,0.03261,0.01408
ZINC00558938,20,8,ca,1,-0.32778,nan,1,0.37277,nan,2,-0.15409,0.01710,4,0.01473,0.03668,4,0.01772,0.02140
ZINC00559596,25,11,ca,1,-0.29696,nan,1,0.31385,nan,2,-0.10240,0.00000,4,-0.00478,0.04767,3,0.01876,0.00006
ZINC00561178,29,11,ca,1,-0.29756,nan,1,0.31664,nan,2,-0.10539,0.00000,4,-0.00180,0.04528,3,0.01434,0.00663
ZINC00561308,35,15,ca,1,-0.28266,nan,1,0.29325,nan,2,-0.09386,0.00000,4,-0.00630,0.04787,3,0.02150,0.00859
ZINC00562689,23,9,ca,1,-0.31057,nan,1,0.36976,nan,2,-0.16051,0.01221,4,0.02300,0.04956,4,0.01578,0.03449
ZINC00563229,26,11,ca,1,-0.31688,nan,1,0.32301,nan,2,-0.10141,0.00689,4,-0.01060,0.05941,3,0.03935,0.02056
ZINC00563230,23,10,ca,1,-0.32173,nan,1,0.32126,nan,2,-0.09481,0.00310,4,-0.01657,0.06763,3,0.04835,0.02794
ZINC00563774,30,13,ca,1,-0.31489,nan,1,0.36786,nan,2,-0.14786,0.01310,4,0.01029,0.03859,4,0.02086,0.02706
ZINC00563902,30,11,ca,1,-0.34527,nan,1,0.38897,nan,2,-0.18281,0.07203,4,0.03824,0.07008,4,0.00550,0.03911
ZINC00564113,23,11,ca,1,-0.30003,nan,1,0.32120,nan,2,-0.11004,0.00000,4,-0.00123,0.04646,3,0.01623,0.00471
ZINC00564363,23,10,ca,1,-0.29823,nan,1,0.34048,nan,2,-0.13626,0.00970,4,0.00940,0.03546,4,0.01976,0.02061
ZINC00566225,21,11,cd,1,-0.36971,nan,1,0.39033,nan,2,-0.09976,0.12163,3,-0.02248,0.12007,2,0.04891,0.05726
ZINC00567018,30,8,ca,1,-0.33841,nan,1,0.33528,nan,2,-0.11004,0.02741,4,-0.00927,0.05434,5,0.02213,0.01634
ZINC00567121,17,8,ca,1,-0.31107,nan,1,0.31344,nan,2,-0.09685,0.00000,4,-0.00821,0.05280,3,0.02253,0.00486
ZINC00568233,30,12,ca,1,-0.27357,nan,1,0.32638,nan,2,-0.13665,0.02513,4,0.01034,0.03073,6,0.01432,0.02724
ZINC00568309,35,11,ca,1,-0.26624,nan,1,0.30024,nan,2,-0.11609,0.01643,4,-0.00018,0.03431,6,0.01506,0.02472
ZINC00568310,32,11,ca,1,-0.26284,nan,1,0.30133,nan,2,-0.12032,0.01811,4,0.00323,0.03305,6,0.01587,0.02592
ZINC00569263,28,11,ca,1,-0.32756,nan,1,0.32163,nan,2,-0.09515,0.00581,4,-0.01583,0.06668,3,0.04662,0.02740
ZINC00569780,29,14,ca,1,-0.38391,nan,1,0.48366,nan,2,-0.21577,0.03418,4,0.04369,0.02592,2,-0.02639,0.05444
ZINC00570342,23,7,ca,1,-0.30423,nan,1,0.34249,nan,2,-0.15884,0.06347,4,0.03492,0.05366,5,-0.00147,0.01550
ZINC00571685,30,12,ca,1,-0.30534,nan,1,0.30984,nan,2,-0.09135,0.00000,4,-0.00921,0.05092,3,0.01867,0.00012
ZINC00571726,17,6,ca,1,-0.34498,nan,1,0.33133,nan,2,-0.09452,0.00669,4,-0.01291,0.06840,5,0.01435,0.03452
ZINC00571754,30,12,ca,1,-0.30382,nan,1,0.30867,nan,2,-0.09015,0.00000,4,-0.01067,0.05233,3,0.02047,0.00167
ZINC00571884,27,12,ca,1,-0.31098,nan,1,0.31945,nan,2,-0.10024,0.00000,4,-0.00489,0.04836,3,0.01645,0.00149
ZINC00571895,30,12,ca,1,-0.32520,nan,1,0.32894,nan,2,-0.10310,0.00000,4,-0.00861,0.05698,3,0.02467,0.00696
ZINC00572043,30,6,ca,1,-0.33935,nan,1,0.33533,nan,2,-0.11413,0.02445,4,-0.00330,0.05143,5,0.01468,0.02154
ZINC00572045,28,6,ca,1,-0.33903,nan,1,0.33613,nan,2,-0.11366,0.02560,4,-0.00312,0.05319,5,0.01498,0.02098
ZINC00574022,19,9,ca,1,-0.31940,nan,1,0.32803,nan,2,-0.10034,0.00000,4,-0.00779,0.05173,3,0.01976,0.00103
ZINC00574546,28,14,ca,1,-0.30436,nan,1,0.32152,nan,2,-0.10817,0.00000,4,-0.00104,0.04635,3,0.01419,0.00619
ZINC00578914,31,12,ca,1,-0.27853,nan,1,0.24155,nan,2,-0.05530,0.00448,4,-0.02960,0.05046,6,0.02477,0.01303
ZINC00579318,30,11,ca,1,-0.29689,nan,1,0.30393,nan,2,-0.08852,0.00124,4,-0.02063,0.07133,3,0.05171,0.03262
ZINC00580642,30,15,ca,1,-0.28212,nan,1,0.29607,nan,2,-0.09765,0.00000,4,-0.00470,0.04719,3,0.02092,0.00795
ZINC00581837,30,10,ca,1,-0.33047,nan,1,0.32650,nan,2,-0.10834,0.02213,4,-0.00554,0.05929,5,0.01723,0.02247
ZINC00581848,28,8,ca,1,-0.36191,nan,1,0.43726,nan,2,-0.20137,0.07815,4,0.03910,0.06242,4,-0.00999,0.05309
ZINC00581849,29,8,ca,1,-0.34985,nan,1,0.39086,nan,2,-0.16411,0.06761,4,0.02067,0.06574,5,0.00434,0.03041
ZINC00581851,29,8,ca,1,-0.34175,nan,1,0.37343,nan,2,-0.15285,0.05595,4,0.01652,0.06096,5,0.00604,0.02842
ZINC00581965,19,9,ca,1,-0.31213,nan,1,0.31029,nan,2,-0.09198,0.00000,4,-0.00999,0.05396,3,0.02278,0.00449
ZINC00582313,26,13,cd,1,-0.33979,nan,1,0.36415,nan,2,-0.09249,0.07675,3,-0.02561,0.09263,2,0.05806,0.06542
ZINC00582541,25,8,ca,1,-0.33452,nan,1,0.37164,nan,2,-0.15486,0.07396,4,0.02441,0.06328,4,-0.00096,0.03535
ZINC00582692,23,8,ca,1,-0.34997,nan,1,0.35835,nan,2,-0.12431,0.03645,4,-0.00522,0.05722,5,0.02426,0.01751
ZINC00583858,28,12,ca,1,-0.33863,nan,1,0.34662,nan,2,-0.11084,0.00389,4,-0.01091,0.06478,3,0.04599,0.03109
ZINC00586305,16,7,ca,1,-0.30590,nan,1,0.36674,nan,2,-0.15718,0.02047,4,0.01827,0.03075,4,0.01537,0.02368
ZINC00588031,27,11,ca,1,-0.32687,nan,1,0.33387,nan,2,-0.11954,0.03803,4,0.00029,0.06184,5,0.01637,0.02263
ZINC00588074,28,11,ca,1,-0.30816,nan,1,0.31637,nan,2,-0.09659,0.00000,4,-0.01053,0.05474,3,0.02362,0.00374
ZINC00613802,31,12,ca,1,-0.30438,nan,1,0.32084,nan,2,-0.10672,0.00000,4,-0.00366,0.04936,3,0.01844,0.00021
ZINC00613803,31,13,ca,1,-0.30543,nan,1,0.32170,nan,2,-0.10693,0.00000,4,-0.00228,0.04717,3,0.01512,0.00559
ZINC00614031,34,12,ca,1,-0.31577,nan,1,0.31267,nan,2,-0.08751,0.00000,4,-0.01126,0.05359,3,0.01725,0.00420
ZINC00614032,34,11,ca,1,-0.30857,nan,1,0.30863,nan,2,-0.08799,0.00000,4,-0.00971,0.05138,3,0.01577,0.00479
ZINC00615324,24,12,ca,1,-0.31411,nan,1,0.32518,nan,2,-0.09671,0.00000,4,-0.01018,0.05241,3,0.02056,0.00096
ZINC00615364,30,9,ca,1,-0.31987,nan,1,0.32890,nan,2,-0.11911,0.03278,4,-0.00059,0.04975,5,0.01985,0.01381
ZINC00615890,34,13,ca,1,-0.36934,nan,1,0.48463,nan,2,-0.22756,0.02726,4,0.04782,0.02229,2,-0.02391,0.04902
ZINC00616198,28,14,ca,1,-0.30605,nan,1,0.31721,nan,2,-0.09806,0.00000,4,-0.00952,0.05297,3,0.02271,0.00395
ZINC00618151,36,13,ca,1,-0.29111,nan,1,0.29923,nan,2,-0.09029,0.00279,4,-0.01883,0.07071,3,0.05094,0.03230
ZINC00618430,29,9,ca,1,-0.32489,nan,1,0.37774,nan,2,-0.17463,0.06641,4,0.03636,0.06000,4,-0.00125,0.03457
ZINC00618513,26,12,ca,1,-0.35860,nan,1,0.46195,nan,2,-0.21027,0.02553,4,0.03786,0.03474,2,0.01207,0.09058
ZINC00619735,31,11,ca,1,-0.33886,nan,1,0.45330,nan,2,-0.21235,0.02982,4,0.03843,0.03414,2,0.00370,0.07686
ZINC00620797,25,9,ca,1,-0.30355,nan,1,0.29368,nan,2,-0.09616,0.02375,4,-0.00572,0.05600,5,0.02003,0.01837
ZINC00715662,20,7,ca,1,-0.27413,nan,1,0.30239,nan,2,-0.11538,0.03529,4,0.00781,0.04986,7,0.00962,0.01792
ZINC00730511,19,8,ca,1,-0.31817,nan,1,0.33006,nan,2,-0.12111,0.01833,4,0.00705,0.05963,4,0.02065,0.02877
ZINC00834178,33,7,ca,1,-0.33925,nan,1,0.35089,nan,2,-0.13020,0.04262,4,0.00334,0.04992,5,0.01414,0.01800
ZINC00834181,33,7,ca,1,-0.34465,nan,1,0.35574,nan,2,-0.13591,0.04848,4,0.00616,0.05478,5,0.01287,0.02315
ZINC00858660,32,12,ca,1,-0.31013,nan,1,0.32498,nan,2,-0.10881,0.00000,4,-0.00193,0.04773,3,0.01574,0.00466
ZINC00859266,21,9,ca,1,-0.30312,nan,1,0.31478,nan,2,-0.09608,0.00275,4,-0.01743,0.06488,3,0.04643,0.02538
ZINC00900986,18,7,ca,1,-0.30973,nan,1,0.33861,nan,2,-0.13177,0.02294,4,0.01303,0.05581,4,0.01273,0.03034
ZINC00949473,27,12,ca,1,-0.32263,nan,1,0.32865,nan,2,-0.09850,0.00000,4,-0.01083,0.05579,3,0.02314,0.00291
ZINC00967270,11,6,ca,1,-0.44617,nan,1,0.67026,nan,2,-0.35907,0.00000,4,0.09100,0.00125,1,-0.08397,nan
ZINC00967464,13,5,cd,1,-0.37278,nan,1,0.39148,nan,2,-0.10076,0.10983,3,-0.03029,0.10553,5,0.01985,0.01408
ZINC00972906,29,13,ca,1,-0.31600,nan,1,0.31792,nan,2,-0.09536,0.00000,4,-0.00777,0.05171,3,0.01834,0.00089
ZINC00974496,28,12,ca,1,-0.31091,nan,1,0.32360,nan,2,-0.10801,0.00000,4,-0.00223,0.04861,3,0.01605,0.00450
ZINC00974497,28,12,ca,1,-0.30086,nan,1,0.31595,nan,2,-0.10312,0.00000,4,-0.00390,0.04737,3,0.01686,0.00284
ZINC00977117,31,8,ca,1,-0.23256,nan,1,0.24291,nan,2,-0.09695,0.00028,4,0.01710,0.03622,6,-0.00180,0.01997
ZINC00980089,23,10,ca,1,-0.29128,nan,1,0.29779,nan,2,-0.08882,0.00000,4,-0.00881,0.04945,3,0.01793,0.00170
ZINC00984443,23,9,cd,1,-0.25113,nan,1,0.27496,nan,2,-0.09031,0.00148,4,-0.00322,0.03831,4,0.01981,0.02032
ZINC00994966,21,10,ca,1,-0.28167,nan,1,0.32006,nan,2,-0.12324,0.00000,4,0.00815,0.03727,3,0.01345,0.00078
ZINC00996005,27,8,cd,1,-0.37205,nan,1,0.47886,nan,2,-0.21445,0.01402,4,0.03592,0.03825,3,0.00404,0.02398
ZINC00996082,34,6,cd,1,-0.32327,nan,1,0.36760,nan,2,-0.13352,0.03254,4,0.02134,0.04319,3,-0.00686,0.01437
ZINC00996083,34,8,cd,1,-0.36129,nan,1,0.45010,nan,2,-0.18993,0.00226,4,0.03633,0.04830,3,-0.01413,0.00993
ZINC01002025,30,9,ca,1,-0.33134,nan,1,0.33107,nan,2,-0.10833,0.02574,4,-0.00933,0.05796,5,0.02044,0.02152
ZINC01002169,29,9,ca,1,-0.30374,nan,1,0.38564,nan,2,-0.18807,0.07652,4,0.03744,0.05236,4,-0.00788,0.04288
ZINC01002178,27,9,ca,1,-0.30926,nan,1,0.30840,nan,2,-0.11343,0.01905,4,-0.00243,0.03688,5,0.02381,0.01375
ZINC01002604,27,6,ca,1,-0.28279,nan,1,0.25913,nan,2,-0.11285,0.04781,4,0.00634,0.02977,5,0.02213,0.01263
ZINC01003537,35,14,ca,1,-0.29156,nan,1,0.30502,nan,2,-0.09834,0.00000,4,-0.00570,0.04811,3,0.01992,0.00294
ZINC01003750,16,7,ca,1,-0.30008,nan,1,0.29645,nan,2,-0.08883,0.00000,4,-0.01202,0.05634,3,0.02585,0.01025
ZINC01006453,27,10,ca,1,-0.31227,nan,1,0.30048,nan,2,-0.08501,0.00239,4,-0.01611,0.06834,3,0.04637,0.02812
ZINC01027316,10,5,c2,1,-0.52841,nan,1,0.48085,nan,2,-0.12024,0.07245,4,-0.01180,0.09408,1,0.06881,nan
ZINC01028001,24,11,ca,1,-0.31450,nan,1,0.32538,nan,2,-0.10917,0.01180,4,-0.00876,0.06214,3,0.04667,0.03240
ZINC01039555,31,8,ca,1,-0.23505,nan,1,0.16413,nan,2,-0.01451,0.00000,4,-0.03184,0.00438,9,0.01077,0.01019
ZINC01042009,25,10,ca,1,-0.29121,nan,1,0.30701,nan,2,-0.10552,0.01372,4,-0.00139,0.05316,3,0.03112,0.03598
ZINC01042304,29,11,ca,1,-0.26874,nan,1,0.32290,nan,2,-0.13069,0.00000,4,0.00655,0.04343,3,0.04378,0.04018
ZINC01044000,33,9,c3,1,-0.39298,nan,1,0.52234,nan,3,-0.01003,0.06971,9,-0.04435,0.05593,6,0.01456,0.01642
ZINC01044001,33,9,c3,1,-0.39516,nan,1,0.52521,nan,3,-0.01029,0.07599,9,-0.04475,0.05580,6,0.01492,0.01704
ZINC01048859,28,7,ca,1,-0.16029,nan,1,0.16487,nan,2,-0.05605,0.00000,4,0.00231,0.01149,9,0.00506,0.01145
ZINC01048860,25,7,ca,1,-0.17978,nan,1,0.17690,nan,2,-0.06024,0.00000,4,0.00376,0.00864,9,0.00585,0.01251
ZINC01048861,22,7,ca,1,-0.21383,nan,1,0.15100,nan,2,-0.01753,0.00000,4,-0.02375,0.01119,9,0.00951,0.00367
ZINC01051484,25,11,ca,1,-0.29048,nan,1,0.31076,nan,2,-0.10955,0.00247,4,0.00355,0.04201,3,0.01149,0.00818
ZINC01052114,29,8,ca,1,-0.30288,nan,1,0.30272,nan,2,-0.12599,0.04651,4,0.01673,0.04211,5,0.00882,0.01978
ZINC01053441,28,7,ca,1,-0.32586,nan,1,0.32930,nan,2,-0.12714,0.03038,4,0.01059,0.04802,5,0.01191,0.01105
ZINC01053442,28,7,ca,1,-0.32926,nan,1,0.32838,nan,2,-0.12466,0.03798,4,0.00851,0.04744,5,0.01223,0.01760
ZINC01056529,27,8,ca,1,-0.31144,nan,1,0.30686,nan,2,-0.12111,0.03036,4,0.00877,0.03716,5,0.01620,0.01279
ZINC01056913,30,7,ca,1,-0.28566,nan,1,0.32986,nan,2,-0.14438,0.05161,4,0.02170,0.04761,4,0.00480,0.03061
ZINC01056930,25,13,ca,1,-0.30006,nan,1,0.31449,nan,2,-0.10410,0.00000,4,0.00029,0.04237,3,0.01088,0.00917
ZINC01060875,28,13,ca,1,-0.38078,nan,1,0.49362,nan,2,-0.23115,0.02914,4,0.04974,0.02190,2,-0.02783,0.05440
ZINC01065784,38,9,ca,1,-0.32223,nan,1,0.32239,nan,2,-0.11448,0.03798,4,0.00166,0.05239,5,0.00818,0.03157
