mol,q_sigma,q_x,stderr,dipole
ZINC00000238,0.082471,-0.234367,0.00121,4.51073
ZINC00000344,0.133436,-0.408078,0.00131,4.71488
ZINC00001575,0.145729,-0.294885,0.00100,6.55684
ZINC00008678,0.129614,-0.325800,0.00136,3.08593
ZINC00013615,0.146188,-0.366369,0.00071,4.05462
ZINC00013616,0.135354,-0.314455,0.00075,3.43141
ZINC00014362,0.152984,-0.350370,0.00085,4.06166
ZINC00016193,0.132087,-0.282328,0.00091,6.14083
ZINC00018493,0.155075,-0.382075,0.00113,2.97123
ZINC00027842,0.172829,-0.281718,0.00138,6.44795
ZINC00027887,0.122979,-0.356668,0.00159,3.10272
ZINC00027888,0.123860,-0.360305,0.00160,3.10423
ZINC00028474,0.170363,-0.270468,0.00161,6.23344
ZINC00029988,0.147021,-0.357972,0.00136,5.89895
ZINC00032377,0.157845,-0.315287,0.00097,6.68835
ZINC00033142,0.173207,-0.357461,0.00129,2.59235
ZINC00033175,0.146018,-0.345059,0.00140,3.85023
ZINC00033275,0.151088,-0.282757,0.00120,3.78212
ZINC00033290,0.142749,-0.327354,0.00092,1.42167
ZINC00033530,0.143286,-0.322607,0.00213,4.82308
ZINC00033531,0.146883,-0.316064,0.00173,4.14661
ZINC00033532,0.142936,-0.306741,0.00168,4.14416
ZINC00033533,0.144411,-0.324880,0.00211,4.81271
ZINC00033651,0.127969,-0.074273,0.00159,3.47895
ZINC00033741,0.190881,-0.401118,0.00101,8.22938
ZINC00034198,0.153974,-0.310626,0.00093,5.08159
ZINC00035731,0.170814,-0.313552,0.00098,3.55142
ZINC00037174,0.143178,-0.290976,0.00102,3.26970
ZINC00037711,0.134485,-0.312130,0.00098,5.20194
ZINC00039651,0.144440,-0.305180,0.00063,4.22701
ZINC00039675,0.145965,-0.341378,0.00141,7.46417
ZINC00039870,0.169102,-0.342354,0.00103,6.46425
ZINC00039871,0.166413,-0.339075,0.00113,7.94559
ZINC00039872,0.169488,-0.347693,0.00113,7.94261
ZINC00039873,0.173977,-0.339693,0.00137,5.10807
ZINC00040691,0.145946,-0.351709,0.00116,3.46518
ZINC00040856,0.145097,-0.329708,0.00114,3.14302
ZINC00046043,0.138322,-0.328789,0.00101,4.23760
ZINC00046078,0.127309,-0.287719,0.00122,5.96614
ZINC00046195,0.133793,-0.313370,0.00128,4.47330
ZINC00046401,0.156639,-0.339596,0.00111,4.27275
ZINC00046415,0.169607,-0.364025,0.00163,6.64018
ZINC00047487,0.134553,-0.319496,0.00143,5.06584
ZINC00047745,0.124258,-0.234807,0.00099,4.23127
ZINC00047877,0.156013,-0.351120,0.00134,3.63412
ZINC00048383,0.148708,-0.200047,0.00194,5.55283
ZINC00048567,0.125320,-0.289340,0.00103,5.20182
ZINC00049647,0.157685,-0.263341,0.00100,7.30716
ZINC00050315,0.132021,-0.305519,0.00114,4.43449
ZINC00054667,0.149879,-0.345071,0.00129,3.26940
ZINC00054774,0.146870,-0.329638,0.00105,1.45211
ZINC00054778,0.142806,-0.336706,0.00130,4.00109
ZINC00054848,0.155126,-0.340166,0.00157,2.82668
ZINC00055205,0.139138,-0.317446,0.00140,4.48387
ZINC00055240,0.147210,-0.336450,0.00079,3.56859
ZINC00055417,0.151816,-0.332846,0.00170,5.08917
ZINC00055486,0.145979,-0.336455,0.00088,4.29888
ZINC00055722,0.147090,-0.191766,0.00164,4.48201
ZINC00058569,0.150904,-0.363755,0.00155,5.51822
ZINC00058680,0.142029,-0.357394,0.00103,5.05542
ZINC00060933,0.157784,-0.313932,0.00113,2.51129
ZINC00061255,0.138072,-0.323454,0.00110,2.31719
ZINC00061485,0.180672,-0.369216,0.00107,6.38496
ZINC00061488,0.142803,-0.311970,0.00085,3.96506
ZINC00061500,0.155716,-0.337453,0.00087,3.41927
ZINC00061524,0.161471,-0.329727,0.00131,5.00527
ZINC00061712,0.146219,-0.349722,0.00125,4.86716
ZINC00061831,0.148467,-0.303828,0.00131,4.10868
ZINC00062367,0.127924,-0.285480,0.00134,4.04622
ZINC00064893,0.151895,-0.330596,0.00133,3.37067
ZINC00064984,0.144453,-0.338427,0.00097,2.60565
ZINC00065135,0.160819,-0.237164,0.00086,3.05882
ZINC00065168,0.139280,-0.317010,0.00105,2.94560
ZINC00065264,0.145265,-0.333161,0.00092,2.55214
ZINC00065287,0.139669,-0.339435,0.00100,6.23190
ZINC00065563,0.126737,-0.304678,0.00151,6.54021
ZINC00065941,0.138899,-0.326751,0.00099,2.70580
ZINC00067741,0.154196,-0.352766,0.00116,2.03054
ZINC00069104,0.152078,-0.302422,0.00210,7.51007
ZINC00069721,0.146912,-0.355238,0.00151,5.40914
ZINC00070357,0.140995,-0.339645,0.00125,5.02630
ZINC00072107,0.151800,-0.356654,0.00160,5.20975
ZINC00073793,0.146986,-0.326873,0.00162,1.99430
ZINC00073795,0.147262,-0.326718,0.00160,1.98449
ZINC00075470,0.149506,-0.351667,0.00184,6.41843
ZINC00077745,0.138532,-0.352710,0.00113,8.00258
ZINC00078154,0.144432,-0.315494,0.00071,4.14502
ZINC00078210,0.127853,-0.173147,0.00120,5.97760
ZINC00078961,0.149872,-0.358949,0.00128,5.01744
ZINC00080446,0.128700,-0.315828,0.00115,3.69643
ZINC00081090,0.138038,-0.337591,0.00081,4.53316
ZINC00083425,0.142449,-0.315721,0.00115,4.85130
ZINC00083728,0.139071,-0.313515,0.00103,2.30019
ZINC00085085,0.114700,-0.209491,0.00146,3.29254
ZINC00085137,0.155928,-0.327476,0.00082,5.42786
ZINC00085138,0.155013,-0.316099,0.00124,5.48577
ZINC00085759,0.092783,-0.288474,0.00253,7.07960
ZINC00085761,0.139084,-0.362964,0.00256,5.29926
ZINC00086078,0.122024,-0.305394,0.00143,4.73666
ZINC00086079,0.122891,-0.307267,0.00145,4.74276
ZINC00088350,0.150619,-0.306831,0.00096,3.92064
ZINC00088594,0.139753,-0.342101,0.00190,4.89843
ZINC00088695,0.160864,-0.187205,0.00111,2.40915
ZINC00089487,0.140653,-0.334835,0.00093,4.22577
ZINC00089580,0.129486,-0.297285,0.00093,4.57495
ZINC00090497,0.126170,-0.258640,0.00148,4.95455
ZINC00091662,0.155474,-0.363847,0.00108,1.91127
ZINC00095891,0.166585,-0.333046,0.00124,8.62568
ZINC00096675,0.139959,-0.321717,0.00110,4.13328
ZINC00096770,0.141069,-0.311153,0.00094,3.88187
ZINC00096957,0.135221,-0.231379,0.00112,5.75742
ZINC00099830,0.136229,-0.268716,0.00085,2.74115
ZINC00101085,0.149300,-0.335339,0.00156,3.40832
ZINC00101326,0.146166,-0.338658,0.00102,1.65634
ZINC00102535,0.143920,-0.339541,0.00108,5.09479
ZINC00102538,0.144694,-0.340657,0.00108,5.09708
ZINC00106247,0.116455,-0.292136,0.00136,3.54839
ZINC00106611,0.146090,-0.337322,0.00135,2.92088
ZINC00106621,0.099580,-0.294343,0.00172,3.67120
ZINC00106654,0.137934,-0.355003,0.00203,5.42532
ZINC00106663,0.148126,-0.370334,0.00196,5.63744
ZINC00106871,0.151055,-0.287285,0.00110,2.63272
ZINC00107846,0.128006,-0.239079,0.00104,2.69033
ZINC00108013,0.145669,-0.334032,0.00099,3.60385
ZINC00111660,0.142445,-0.291728,0.00123,4.81889
ZINC00112238,0.143925,-0.325128,0.00138,3.44993
ZINC00116082,0.141632,-0.281154,0.00102,6.67351
ZINC00117156,0.134330,-0.320835,0.00092,5.00413
ZINC00117579,0.144388,-0.280190,0.00095,6.26147
ZINC00125057,0.146656,-0.333359,0.00104,3.13845
ZINC00125060,0.154290,-0.339024,0.00111,3.20980
ZINC00125546,0.147819,-0.349570,0.00130,4.20160
ZINC00128847,0.144546,-0.314316,0.00079,2.25079
ZINC00128850,0.168442,-0.378307,0.00099,4.97042
ZINC00129211,0.131016,-0.309113,0.00096,5.13651
ZINC00129217,0.136524,-0.305609,0.00091,3.59030
ZINC00129219,0.133530,-0.319417,0.00104,6.10598
ZINC00130052,0.157556,-0.360811,0.00172,7.37984
ZINC00130079,0.146779,-0.350853,0.00109,4.47465
ZINC00131366,0.141955,-0.299907,0.00203,5.90640
ZINC00131519,0.153590,-0.343417,0.00108,2.02957
ZINC00131520,0.144554,-0.330738,0.00086,2.87910
ZINC00131521,0.142792,-0.327749,0.00101,3.62037
ZINC00131523,0.142456,-0.327827,0.00100,3.62137
ZINC00133137,0.146252,-0.310078,0.00103,5.87269
ZINC00133555,0.142839,-0.315362,0.00072,4.70875
ZINC00134014,0.153555,-0.311184,0.00102,8.64092
ZINC00134015,0.159379,-0.316607,0.00092,7.83873
ZINC00134801,0.160205,-0.369365,0.00069,3.92149
ZINC00136124,0.144914,-0.269024,0.00113,8.46558
ZINC00138621,0.152330,-0.349524,0.00084,0.79439
ZINC00140295,0.144434,-0.228838,0.00060,6.08503
ZINC00141594,0.134768,-0.315290,0.00120,5.22084
ZINC00142708,0.137423,-0.310533,0.00095,5.02603
ZINC00144002,0.136505,-0.317264,0.00129,5.31641
ZINC00145635,0.143658,-0.346754,0.00108,5.72188
ZINC00148291,0.131742,-0.310836,0.00127,6.31176
ZINC00151214,0.135009,-0.300749,0.00092,5.49647
ZINC00151300,0.147069,-0.349475,0.00171,3.08406
ZINC00152040,0.148986,-0.361113,0.00154,4.53420
ZINC00152054,0.147818,-0.362985,0.00135,6.10724
ZINC00152055,0.142826,-0.350327,0.00150,6.13482
ZINC00152314,0.162690,-0.345426,0.00068,3.66045
ZINC00153312,0.173090,-0.373354,0.00183,3.50941
ZINC00153443,0.172351,-0.379932,0.00117,0.36996
ZINC00153729,0.140631,-0.327128,0.00082,1.81375
ZINC00154987,0.148728,-0.335283,0.00075,1.75199
ZINC00154993,0.158189,-0.298876,0.00079,4.66695
ZINC00156930,0.087859,-0.171111,0.00107,5.60384
ZINC00157004,0.147157,-0.320045,0.00074,5.02045
ZINC00157048,0.135163,-0.308064,0.00107,2.00751
ZINC00157316,0.148804,-0.325708,0.00089,2.31304
ZINC00157342,0.174392,-0.358677,0.00099,2.24181
ZINC00157367,0.154062,-0.340624,0.00112,2.66544
ZINC00157582,0.144732,-0.351346,0.00085,2.34093
ZINC00157880,0.173337,-0.183094,0.00140,9.10297
ZINC00157906,0.144123,-0.304325,0.00073,3.71999
ZINC00157922,0.164675,-0.245546,0.00125,6.40980
ZINC00158499,0.191729,-0.399291,0.00118,1.98242
ZINC00158660,0.164933,-0.318996,0.00124,2.63022
ZINC00158746,0.152140,-0.330825,0.00116,3.04100
ZINC00158806,0.127332,-0.267325,0.00130,2.84850
ZINC00158821,0.174725,-0.363815,0.00130,3.02060
ZINC00158853,0.147086,-0.353792,0.00127,1.79257
ZINC00158885,0.152256,-0.347818,0.00121,2.97751
ZINC00158923,0.175212,-0.392192,0.00088,0.89397
ZINC00158943,0.173217,-0.359499,0.00110,2.53190
ZINC00159279,0.158098,-0.330383,0.00087,3.55597
ZINC00159399,0.135032,-0.308305,0.00111,2.90270
ZINC00160332,0.149796,-0.358793,0.00078,2.38626
ZINC00160343,0.172130,-0.416577,0.00077,2.33590
ZINC00160503,0.149871,-0.264139,0.00103,8.94955
ZINC00160504,0.136434,-0.277402,0.00110,5.58372
ZINC00160543,0.147172,-0.303902,0.00065,3.33071
ZINC00160546,0.145916,-0.324334,0.00105,2.80735
ZINC00160642,0.143424,-0.330587,0.00073,1.58028
ZINC00161537,0.131672,-0.288087,0.00126,4.90906
ZINC00161697,0.133220,-0.310355,0.00109,3.33417
ZINC00161788,0.167740,-0.385117,0.00106,0.60531
ZINC00162127,0.145974,-0.269471,0.00086,4.19118
ZINC00162132,0.140425,-0.367087,0.00072,0.74850
ZINC00162636,0.117192,-0.299751,0.00157,2.34128
ZINC00162655,0.119023,-0.277290,0.00155,3.03895
ZINC00162657,0.129131,-0.302246,0.00100,2.33291
ZINC00163233,0.157527,-0.279744,0.00116,5.88723
ZINC00163966,0.142697,-0.316888,0.00099,6.07090
ZINC00164196,0.149570,-0.321570,0.00183,1.83049
ZINC00164347,0.148494,-0.337689,0.00156,1.91513
ZINC00164528,0.152527,-0.314027,0.00053,2.92323
ZINC00164594,0.139416,-0.280513,0.00058,1.74551
ZINC00164908,0.145333,-0.346967,0.00106,3.66051
ZINC00165840,0.146971,-0.333230,0.00117,4.14917
ZINC00167049,0.148021,-0.317017,0.00065,2.61594
ZINC00167084,0.131543,-0.283808,0.00067,2.14388
ZINC00167109,0.146720,-0.319944,0.00077,0.55912
ZINC00167121,0.168754,-0.362138,0.00064,3.19782
ZINC00167177,0.158122,-0.339446,0.00072,1.22068
ZINC00167209,0.142705,-0.321816,0.00073,1.97586
ZINC00167219,0.145559,-0.242982,0.00098,5.96933
ZINC00169545,0.149208,-0.319028,0.00099,5.65664
ZINC00170011,0.164326,-0.367835,0.00151,5.59503
ZINC00172822,0.160406,-0.369732,0.00175,4.51330
ZINC00173142,0.148898,-0.313309,0.00151,6.76391
ZINC00173144,0.142418,-0.299824,0.00106,4.96240
ZINC00173148,0.125363,-0.220949,0.00098,4.75233
ZINC00173149,0.131968,-0.258666,0.00148,7.32521
ZINC00173151,0.137756,-0.247812,0.00090,4.61670
ZINC00173152,0.138705,-0.272249,0.00146,7.18552
ZINC00173160,0.130560,-0.256607,0.00152,6.79263
ZINC00173176,0.153434,-0.328155,0.00126,4.63991
ZINC00173178,0.136574,-0.289843,0.00106,3.58696
ZINC00173179,0.147162,-0.328774,0.00083,4.56934
ZINC00173184,0.164059,-0.336381,0.00104,5.23133
ZINC00176663,0.159374,-0.357967,0.00124,2.05122
ZINC00179533,0.138831,-0.299255,0.00081,1.63807
ZINC00183243,0.141593,-0.309544,0.00192,2.64811
ZINC00185684,0.151002,-0.342784,0.00193,4.26343
ZINC00186953,0.163142,-0.317537,0.00119,6.82703
ZINC00187649,0.154457,-0.308034,0.00195,5.48899
ZINC00189734,0.146677,-0.335690,0.00133,4.20073
ZINC00191669,0.141105,-0.332789,0.00164,6.17268
ZINC00192504,0.149749,-0.338822,0.00181,2.41186
ZINC00194553,0.166483,-0.384963,0.00185,1.96715
ZINC00195066,0.169412,-0.329530,0.00101,4.79746
ZINC00195074,0.175193,-0.353512,0.00121,5.48730
ZINC00195076,0.172996,-0.345753,0.00083,5.34703
ZINC00196524,0.159380,-0.290855,0.00092,6.42824
ZINC00196658,0.157868,-0.200574,0.00101,4.21634
ZINC00197821,0.140302,-0.310346,0.00132,5.26402
ZINC00202533,0.159115,-0.222908,0.00168,4.55220
ZINC00206454,0.156017,-0.349947,0.00124,2.31903
ZINC00207321,0.155845,-0.344966,0.00234,2.68949
ZINC00209680,0.047272,-0.146795,0.00126,3.19894
ZINC00209688,0.178028,-0.420646,0.00169,3.18691
ZINC00209780,0.186760,-0.351738,0.00104,8.34774
ZINC00221496,0.138435,-0.345505,0.00140,6.70723
ZINC00223932,0.146370,-0.345754,0.00113,3.73747
ZINC00229850,0.158992,-0.207405,0.00090,5.06844
ZINC00231563,0.169384,-0.389091,0.00106,7.34004
ZINC00233202,0.133408,-0.305694,0.00142,3.53158
ZINC00235444,0.155579,-0.344358,0.00115,2.34973
ZINC00235896,0.142708,-0.338028,0.00118,4.02696
ZINC00240596,0.132078,-0.308608,0.00122,3.88020
ZINC00240612,0.136318,-0.321885,0.00129,5.70369
ZINC00240764,0.151534,-0.331749,0.00099,2.30685
ZINC00240850,0.145436,-0.339479,0.00154,3.30249
ZINC00241572,0.143958,-0.313219,0.00122,0.80979
ZINC00242102,0.145000,-0.342866,0.00148,3.69634
ZINC00244372,0.116094,-0.268435,0.00167,3.83152
ZINC00244386,0.139540,-0.276480,0.00140,4.18422
ZINC00244491,0.141749,-0.330461,0.00163,3.80284
ZINC00245253,0.144132,-0.325964,0.00120,4.01197
ZINC00246189,0.139895,-0.318826,0.00112,2.81734
ZINC00246582,0.157122,-0.351637,0.00159,7.06888
ZINC00247771,0.146433,-0.330055,0.00082,1.79460
ZINC00248390,0.124829,-0.282472,0.00155,2.91396
ZINC00249037,0.146416,-0.334783,0.00093,2.21459
ZINC00252953,0.143694,-0.344078,0.00131,6.06929
ZINC00254932,0.162891,-0.350910,0.00125,1.91799
ZINC00255375,0.154253,-0.275328,0.00094,4.07143
ZINC00255651,0.145468,-0.329975,0.00087,3.32910
ZINC00256790,0.152573,-0.346773,0.00155,2.56756
ZINC00257313,0.172974,-0.281561,0.00140,7.37032
ZINC00258847,0.144347,-0.342700,0.00126,6.56164
ZINC00260465,0.164667,-0.338350,0.00130,4.96989
ZINC00260467,0.156015,-0.317749,0.00100,5.15229
ZINC00261120,0.163939,-0.330103,0.00102,4.91569
ZINC00261123,0.164778,-0.339589,0.00105,3.77288
ZINC00261124,0.138651,-0.330309,0.00118,3.56843
ZINC00265835,0.153092,-0.313318,0.00097,6.31207
ZINC00267302,0.141221,-0.324589,0.00248,3.10594
ZINC00267303,0.138956,-0.317758,0.00253,3.10797
ZINC00269145,0.160558,-0.341725,0.00100,1.56946
ZINC00269603,0.167184,-0.329568,0.00107,5.19372
ZINC00270529,0.163845,-0.368416,0.00147,4.74220
ZINC00271058,0.142407,-0.307572,0.00087,2.72411
ZINC00271557,0.126620,-0.314919,0.00143,6.54720
ZINC00272041,0.142044,-0.322464,0.00090,2.03126
ZINC00272305,0.132830,-0.331568,0.00100,5.07876
ZINC00272596,0.147049,-0.308724,0.00119,4.46805
ZINC00272887,0.145992,-0.332499,0.00107,2.40052
ZINC00272940,0.162315,-0.366795,0.00117,3.45342
ZINC00272943,0.144640,-0.330065,0.00093,5.41020
ZINC00274641,0.147726,-0.337345,0.00089,2.51664
ZINC00276167,0.144978,-0.328981,0.00122,0.66435
ZINC00276404,0.176938,-0.285828,0.00156,4.85722
ZINC00276618,0.154552,-0.357602,0.00113,4.34067
ZINC00276819,0.139093,-0.316818,0.00099,3.10236
ZINC00281304,0.143037,-0.339534,0.00106,6.23109
ZINC00281319,0.144179,-0.342760,0.00105,6.19244
ZINC00281353,0.139596,-0.332574,0.00086,4.02736
ZINC00281357,0.139003,-0.330101,0.00101,5.77864
ZINC00281753,0.136578,-0.303112,0.00088,4.43998
ZINC00281852,0.137892,-0.294430,0.00189,6.81171
ZINC00282122,0.145609,-0.329510,0.00152,1.91193
ZINC00282396,0.147711,-0.343927,0.00108,6.25174
ZINC00282714,0.148500,-0.357321,0.00121,6.26023
ZINC00283089,0.145709,-0.307999,0.00120,1.97634
ZINC00283134,0.155093,-0.335827,0.00100,2.60085
ZINC00283680,0.123847,-0.108256,0.00101,4.62239
ZINC00284231,0.143477,-0.343831,0.00091,2.93849
ZINC00284233,0.168717,-0.395876,0.00083,3.40152
ZINC00284646,0.129151,-0.154058,0.00127,5.22043
ZINC00287663,0.144834,-0.344200,0.00114,1.97495
ZINC00288057,0.148386,-0.333344,0.00143,3.29940
ZINC00288379,0.129302,-0.308242,0.00092,2.49826
ZINC00288382,0.121518,-0.289563,0.00114,2.80183
ZINC00288390,0.133860,-0.298428,0.00120,4.49189
ZINC00288489,0.154029,-0.310423,0.00092,3.45927
ZINC00288491,0.165970,-0.338190,0.00124,5.85879
ZINC00288492,0.164867,-0.330786,0.00136,5.07558
ZINC00288495,0.164616,-0.335134,0.00141,5.17713
ZINC00288501,0.157882,-0.348145,0.00147,4.89898
ZINC00288503,0.156539,-0.344816,0.00143,4.89047
ZINC00288511,0.161227,-0.338642,0.00119,5.24698
ZINC00288513,0.158310,-0.331297,0.00117,5.24671
ZINC00288514,0.147611,-0.326578,0.00116,2.17785
ZINC00288517,0.162593,-0.334434,0.00172,5.10095
ZINC00288520,0.160972,-0.341824,0.00157,4.92399
ZINC00288523,0.164231,-0.338668,0.00115,3.76053
ZINC00288524,0.142697,-0.312370,0.00153,5.09057
ZINC00288525,0.163994,-0.335560,0.00159,5.67449
ZINC00288526,0.166744,-0.337471,0.00132,4.49924
ZINC00288530,0.170213,-0.344227,0.00134,4.50257
ZINC00288531,0.153312,-0.310894,0.00105,3.64965
ZINC00288532,0.147172,-0.297608,0.00137,1.86199
ZINC00288972,0.184440,-0.379912,0.00121,2.27237
ZINC00290814,0.161173,-0.370487,0.00139,2.11325
ZINC00291335,0.160331,-0.312933,0.00189,9.54516
ZINC00291895,0.144121,-0.346382,0.00125,5.70597
ZINC00292398,0.145572,-0.331527,0.00085,2.72944
ZINC00292460,0.173636,-0.343514,0.00134,5.28518
ZINC00292629,0.131726,-0.303194,0.00094,4.40479
ZINC00294184,0.142949,-0.336095,0.00128,5.27328
ZINC00294857,0.154563,-0.362918,0.00097,3.32648
ZINC00294920,0.138763,-0.324602,0.00083,4.01996
ZINC00295435,0.151833,-0.343471,0.00095,4.09693
ZINC00296222,0.159142,-0.361329,0.00125,2.26604
ZINC00297344,0.135389,-0.250054,0.00202,7.89759
ZINC00297407,0.150801,-0.301452,0.00075,7.20657
ZINC00298028,0.149314,-0.330862,0.00131,4.37479
ZINC00298029,0.150351,-0.333212,0.00132,4.37303
ZINC00298120,0.154811,-0.323851,0.00096,3.95817
ZINC00298830,0.152794,-0.328435,0.00131,3.60213
ZINC00299425,0.142758,-0.326341,0.00128,4.22056
ZINC00299674,0.150935,-0.326165,0.00102,2.07312
ZINC00300817,0.160900,-0.386963,0.00087,4.19683
ZINC00300962,0.153491,-0.352191,0.00104,5.39177
ZINC00301092,0.133287,-0.298595,0.00112,7.14668
ZINC00301492,0.158868,-0.319521,0.00094,1.18802
ZINC00301529,0.159685,-0.324682,0.00121,7.13348
ZINC00301531,0.158131,-0.317317,0.00123,7.13119
ZINC00301655,0.155032,-0.268765,0.00082,3.82861
ZINC00302953,0.122613,-0.259221,0.00124,3.79282
ZINC00304656,0.142052,-0.341016,0.00131,4.41311
ZINC00304657,0.140976,-0.337884,0.00133,4.41100
ZINC00305886,0.133751,-0.313142,0.00086,4.99979
ZINC00306286,0.142660,-0.337675,0.00147,2.52526
ZINC00306288,0.149534,-0.352939,0.00147,2.52337
ZINC00307282,0.140955,-0.335403,0.00148,2.53730
ZINC00307284,0.145359,-0.345848,0.00150,2.53329
ZINC00307438,0.145592,-0.342001,0.00128,3.05792
ZINC00307440,0.145746,-0.342501,0.00129,3.06165
ZINC00308247,0.151810,-0.299377,0.00125,4.13203
ZINC00308895,0.149683,-0.322743,0.00155,5.25307
ZINC00311926,0.144795,-0.330076,0.00098,2.61899
ZINC00313569,0.145255,-0.279651,0.00143,4.31663
ZINC00313684,0.163475,-0.345636,0.00115,5.47152
ZINC00314456,0.155394,-0.184055,0.00189,7.14375
ZINC00315092,0.151680,-0.335928,0.00092,0.88940
ZINC00316201,0.168157,-0.266109,0.00123,2.39708
ZINC00316203,0.166732,-0.260480,0.00125,2.39699
ZINC00317294,0.145007,-0.345940,0.00118,4.83302
ZINC00317810,0.164333,-0.362317,0.00098,5.96630
ZINC00318018,0.147154,-0.323049,0.00142,2.28330
ZINC00318610,0.148492,-0.331703,0.00114,2.88706
ZINC00318612,0.149115,-0.314529,0.00109,3.72675
ZINC00318614,0.143903,-0.333923,0.00104,2.23354
ZINC00318616,0.143166,-0.332943,0.00105,2.23642
ZINC00318618,0.142522,-0.334150,0.00121,3.29750
ZINC00318623,0.141914,-0.341568,0.00152,3.46256
ZINC00318628,0.146039,-0.335703,0.00100,6.55953
ZINC00318631,0.144848,-0.332035,0.00107,2.93463
ZINC00318633,0.148326,-0.342144,0.00115,3.00945
ZINC00318637,0.148218,-0.339686,0.00103,2.18519
ZINC00318639,0.149510,-0.333167,0.00122,1.62526
ZINC00318641,0.153835,-0.342438,0.00141,3.45125
ZINC00318644,0.150369,-0.340096,0.00139,5.15275
ZINC00318646,0.145980,-0.330206,0.00110,4.67235
ZINC00326704,0.152574,-0.337822,0.00106,3.60189
ZINC00327209,0.155018,-0.333828,0.00181,7.80424
ZINC00327267,0.153622,-0.329744,0.00130,1.54062
ZINC00327297,0.164416,-0.367193,0.00143,4.30695
ZINC00327299,0.152577,-0.323295,0.00153,4.12127
ZINC00327303,0.164935,-0.332564,0.00149,6.41321
ZINC00330805,0.156505,-0.295689,0.00070,4.56331
ZINC00330897,0.200607,-0.486391,0.00092,5.26625
ZINC00331066,0.079368,-0.262365,0.00090,4.14345
ZINC00331097,0.167501,-0.388946,0.00141,1.89869
ZINC00331148,0.171308,-0.421250,0.00067,4.00419
ZINC00331153,0.194243,-0.476730,0.00087,4.17530
ZINC00331155,0.178492,-0.400350,0.00099,3.16463
ZINC00331218,0.189887,-0.443776,0.00101,3.40894
ZINC00331220,0.230426,-0.535195,0.00145,4.87897
ZINC00331802,0.182235,-0.408523,0.00096,2.18970
ZINC00333501,0.144537,-0.329635,0.00246,7.35186
ZINC00333713,0.115063,-0.362944,0.00163,3.21817
ZINC00333715,0.114897,-0.361301,0.00160,3.21045
ZINC00334119,0.153994,-0.294170,0.00119,4.07793
ZINC00334211,0.090824,-0.113422,0.00149,5.17477
ZINC00334212,0.089402,-0.163216,0.00139,3.14915
ZINC00334291,0.111582,-0.217736,0.00136,3.21469
ZINC00334298,0.130321,-0.263813,0.00143,5.64479
ZINC00334394,0.140032,-0.260595,0.00128,3.76071
ZINC00334396,0.134798,-0.146198,0.00118,3.88889
ZINC00334448,0.140921,-0.257413,0.00097,3.52317
ZINC00334467,0.161878,-0.329234,0.00171,2.21212
ZINC00334495,0.154500,-0.339456,0.00090,1.97833
ZINC00334503,0.194493,-0.366652,0.00148,3.79598
ZINC00334515,0.123720,-0.300474,0.00078,2.41331
ZINC00334520,0.144525,-0.339861,0.00101,2.04977
ZINC00334559,0.149281,-0.341641,0.00091,1.55034
ZINC00334580,0.129067,-0.281635,0.00117,1.65277
ZINC00335011,0.184003,-0.369647,0.00118,2.91879
ZINC00335070,0.198565,-0.401305,0.00146,3.83838
ZINC00335170,0.193584,-0.408184,0.00095,3.30210
ZINC00335330,0.166563,-0.311886,0.00128,3.31810
ZINC00336061,0.127489,-0.234336,0.00110,5.02914
ZINC00336258,0.157633,-0.324324,0.00165,5.43202
ZINC00336321,0.161802,-0.356023,0.00126,5.18122
ZINC00336323,0.158125,-0.362747,0.00123,3.16737
ZINC00336686,0.128277,-0.288307,0.00093,0.03937
ZINC00337065,0.157906,-0.327580,0.00117,5.28122
ZINC00337068,0.184321,-0.455153,0.00117,6.00752
ZINC00337757,0.146956,-0.352859,0.00121,4.94091
ZINC00337759,0.147594,-0.358978,0.00139,5.08442
ZINC00337783,0.138524,-0.325476,0.00114,7.15414
ZINC00337798,0.147097,-0.292316,0.00107,1.85509
ZINC00339012,0.162153,-0.327469,0.00092,6.18759
ZINC00339175,0.143681,-0.288584,0.00096,5.57195
ZINC00340240,0.142439,-0.323564,0.00131,3.20222
ZINC00341464,0.150604,-0.333970,0.00088,4.02429
ZINC00341467,0.152565,-0.333018,0.00129,1.16537
ZINC00341477,0.153611,-0.330516,0.00113,4.70121
ZINC00341478,0.153145,-0.337282,0.00111,3.61199
ZINC00341479,0.151994,-0.337798,0.00146,3.86881
ZINC00341480,0.154221,-0.345505,0.00125,3.60403
ZINC00341484,0.155581,-0.349288,0.00125,3.60611
ZINC00341643,0.153375,-0.312612,0.00111,6.05358
ZINC00341765,0.137078,-0.310355,0.00152,9.57385
ZINC00341780,0.168097,-0.337921,0.00141,4.24260
ZINC00342346,0.150754,-0.330314,0.00136,4.21890
ZINC00342349,0.146094,-0.336930,0.00134,5.17212
ZINC00342350,0.141113,-0.333035,0.00114,5.12615
ZINC00342351,0.144259,-0.336707,0.00132,5.10351
ZINC00342352,0.143522,-0.334745,0.00112,4.95387
ZINC00342353,0.142895,-0.335003,0.00130,5.11831
ZINC00342354,0.145742,-0.334624,0.00153,5.13462
ZINC00342782,0.146305,-0.335709,0.00174,4.48961
ZINC00343007,0.156508,-0.318842,0.00107,5.61086
ZINC00343009,0.153219,-0.343260,0.00107,1.28111
ZINC00344668,0.150990,-0.368261,0.00121,5.72736
ZINC00344731,0.139092,-0.320877,0.00093,4.87091
ZINC00344743,0.156984,-0.281953,0.00110,4.07293
ZINC00345578,0.127354,-0.181449,0.00107,6.75822
ZINC00347099,0.148655,-0.336828,0.00104,1.76807
ZINC00347125,0.167677,-0.326581,0.00142,4.44491
ZINC00347332,0.128234,-0.278346,0.00140,2.33883
ZINC00347928,0.118900,-0.402217,0.00121,1.98658
ZINC00348212,0.148665,-0.351670,0.00158,5.32966
ZINC00348881,0.153950,-0.232300,0.00128,2.30665
ZINC00349309,0.142856,-0.328439,0.00180,4.24081
ZINC00351758,0.163278,-0.251909,0.00155,4.11950
ZINC00353782,0.138963,-0.308679,0.00127,2.57366
ZINC00353840,0.158092,-0.315747,0.00108,3.39599
ZINC00353974,0.152153,-0.303878,0.00188,7.15837
ZINC00353975,0.149600,-0.326905,0.00176,5.23561
ZINC00354636,0.126734,-0.315272,0.00140,5.16731
ZINC00355979,0.160280,-0.284176,0.00125,5.40613
ZINC00357477,0.170712,-0.366249,0.00167,6.50554
ZINC00358166,0.150262,-0.340528,0.00101,2.93620
ZINC00358193,0.153761,-0.342244,0.00125,3.47473
ZINC00358211,0.146274,-0.339393,0.00093,0.69452
ZINC00358656,0.152068,-0.348411,0.00172,7.34294
ZINC00358778,0.134291,-0.306883,0.00095,5.21630
ZINC00358779,0.149224,-0.333004,0.00141,5.15602
ZINC00358780,0.132425,-0.313170,0.00120,2.71354
ZINC00358783,0.132819,-0.314660,0.00121,2.72315
ZINC00358784,0.143631,-0.326487,0.00099,5.10591
ZINC00358785,0.146754,-0.328553,0.00123,5.83422
ZINC00358787,0.144535,-0.320779,0.00141,4.24209
ZINC00358788,0.144226,-0.322023,0.00183,5.58074
ZINC00358789,0.137139,-0.310605,0.00194,3.31229
ZINC00358790,0.143252,-0.324165,0.00137,5.44839
ZINC00359183,0.166790,-0.372267,0.00160,1.60250
ZINC00359636,0.141934,-0.333320,0.00158,6.27262
ZINC00359683,0.139484,-0.310917,0.00160,7.68583
ZINC00360160,0.153586,-0.363169,0.00089,4.95044
ZINC00360162,0.151701,-0.362947,0.00111,4.94242
ZINC00360163,0.153911,-0.366787,0.00137,5.09210
ZINC00360366,0.141403,-0.305867,0.00084,2.24704
ZINC00360758,0.146708,-0.337086,0.00100,4.07899
ZINC00360857,0.144968,-0.345914,0.00077,6.10881
ZINC00361711,0.152997,-0.345746,0.00087,2.41291
ZINC00361845,0.145381,-0.349381,0.00146,4.91979
ZINC00362075,0.144267,-0.344882,0.00133,4.93075
ZINC00362249,0.147185,-0.351506,0.00147,5.08214
ZINC00362348,0.160645,-0.329314,0.00121,3.79002
ZINC00362578,0.141676,-0.338573,0.00123,4.96417
ZINC00362725,0.170975,-0.336611,0.00147,5.05977
ZINC00362805,0.146222,-0.353183,0.00146,4.90495
ZINC00362980,0.170445,-0.361151,0.00111,8.75476
ZINC00363004,0.151198,-0.347229,0.00155,4.68293
ZINC00363183,0.142290,-0.338928,0.00137,5.05941
ZINC00363340,0.147477,-0.352482,0.00164,6.09410
ZINC00364410,0.143827,-0.343247,0.00117,5.25549
ZINC00364784,0.157097,-0.317526,0.00087,3.55265
ZINC00364830,0.147146,-0.332468,0.00088,0.26720
ZINC00365183,0.143894,-0.335867,0.00112,4.16031
ZINC00365517,0.143909,-0.314659,0.00136,2.02328
ZINC00367502,0.190659,-0.384467,0.00149,2.84981
ZINC00368328,0.125618,-0.305107,0.00108,4.69436
ZINC00368677,0.143335,-0.324518,0.00136,5.09194
ZINC00369156,0.158478,-0.284619,0.00132,4.88301
ZINC00369794,0.162501,-0.316575,0.00110,3.57127
ZINC00370571,0.172734,-0.317066,0.00146,5.43886
ZINC00370748,0.151594,-0.326159,0.00190,3.91245
ZINC00370808,0.128402,-0.263187,0.00102,4.69846
ZINC00370860,0.142926,-0.277179,0.00104,4.93777
ZINC00370878,0.136478,-0.269781,0.00119,4.90595
ZINC00370940,0.127919,-0.256453,0.00111,5.98592
ZINC00371073,0.121843,-0.248600,0.00115,3.77585
ZINC00371442,0.144229,-0.327253,0.00124,4.12451
ZINC00371816,0.167269,-0.283675,0.00116,2.01027
ZINC00371852,0.151902,-0.322234,0.00125,2.19389
ZINC00372147,0.131288,-0.310326,0.00103,5.08028
ZINC00372599,0.147566,-0.356214,0.00152,5.05799
ZINC00372603,0.148996,-0.359253,0.00150,5.05318
ZINC00372880,0.168757,-0.365134,0.00148,5.43239
ZINC00374121,0.153434,-0.321996,0.00089,0.81337
ZINC00374411,0.155186,-0.274579,0.00117,2.51391
ZINC00375268,0.143530,-0.344328,0.00137,4.98658
ZINC00381866,0.136079,-0.331314,0.00097,1.85136
ZINC00382756,0.159773,-0.334615,0.00180,7.46046
ZINC00382762,0.168702,-0.355367,0.00101,5.16556
ZINC00383049,0.159501,-0.318733,0.00117,3.18494
ZINC00383851,0.165267,-0.333454,0.00136,5.43123
ZINC00385197,0.145744,-0.341910,0.00148,1.67286
ZINC00386441,0.137848,-0.310300,0.00090,2.71441
ZINC00386442,0.136779,-0.305757,0.00090,3.88706
ZINC00387473,0.149243,-0.311519,0.00080,1.09598
ZINC00389598,0.133430,-0.312793,0.00085,2.74135
ZINC00389789,0.155046,-0.302428,0.00060,1.62487
ZINC00391100,0.160956,-0.375904,0.00075,3.24359
ZINC00391101,0.143130,-0.343659,0.00119,2.91523
ZINC00391102,0.144053,-0.362618,0.00075,0.93876
ZINC00391103,0.144444,-0.329911,0.00112,2.26794
ZINC00391104,0.142699,-0.318716,0.00098,4.33910
ZINC00391106,0.148469,-0.301843,0.00114,4.39691
ZINC00391477,0.181607,-0.284010,0.00108,3.22344
ZINC00391655,0.147538,-0.323180,0.00146,2.89919
ZINC00392552,0.152140,-0.309349,0.00076,4.80347
ZINC00393042,0.131763,-0.290515,0.00117,3.48237
ZINC00393290,0.144841,-0.344115,0.00087,4.37135
ZINC00393510,0.142374,-0.346264,0.00093,3.02789
ZINC00394196,0.147902,-0.291396,0.00094,6.26490
ZINC00394345,0.135779,-0.324772,0.00090,5.33145
ZINC00395967,0.147463,-0.279723,0.00077,6.88689
ZINC00396013,0.134036,-0.301912,0.00111,4.92004
ZINC00397154,0.144587,-0.301277,0.00107,3.27331
ZINC00398633,0.109763,-0.217710,0.00143,4.56719
ZINC00398704,0.151736,-0.347659,0.00096,4.32583
ZINC00398745,0.137263,-0.302756,0.00090,2.21411
ZINC00398762,0.130932,-0.308859,0.00100,4.78556
ZINC00398875,0.140888,-0.270666,0.00080,5.10876
ZINC00399995,0.166201,-0.332169,0.00118,2.91650
ZINC00400274,0.120703,-0.248261,0.00120,2.36100
ZINC00400276,0.137570,-0.313109,0.00082,1.37899
ZINC00400325,0.163887,-0.325274,0.00090,3.46302
ZINC00400339,0.091667,-0.200761,0.00126,1.95232
ZINC00401805,0.143791,-0.346347,0.00142,5.06361
ZINC00402253,0.147685,-0.300787,0.00169,6.07211
ZINC00403001,0.173995,-0.355231,0.00112,0.98006
ZINC00403123,0.127731,-0.196062,0.00116,2.33577
ZINC00403352,0.152424,-0.279020,0.00056,6.41630
ZINC00403413,0.151074,-0.360161,0.00118,3.50266
ZINC00403444,0.123141,-0.296961,0.00101,2.36943
ZINC00403477,0.148428,-0.336448,0.00087,3.69349
ZINC00403478,0.158640,-0.332171,0.00062,4.21313
ZINC00403505,0.143177,-0.341291,0.00098,3.32312
ZINC00403995,0.145156,-0.345644,0.00103,3.09886
ZINC00404164,0.147981,-0.293162,0.00052,4.72845
ZINC00404217,0.146402,-0.267302,0.00061,1.40471
ZINC00404218,0.130709,-0.241361,0.00064,0.10967
ZINC00404222,0.196495,-0.485096,0.00078,3.85204
ZINC00404435,0.140976,-0.313043,0.00077,0.79839
ZINC00406341,0.178161,-0.339901,0.00177,7.49487
ZINC00406922,0.132291,-0.310401,0.00091,2.69885
ZINC00407029,0.138577,-0.294440,0.00055,1.84197
ZINC00407030,0.152978,-0.344440,0.00059,0.20402
ZINC00407076,0.125972,-0.288901,0.00097,1.42109
ZINC00408041,0.155146,-0.325377,0.00195,4.38353
ZINC00408827,0.157707,-0.323307,0.00093,4.61753
ZINC00409257,0.144610,-0.336155,0.00057,1.26457
ZINC00409272,0.133897,-0.287424,0.00066,2.12784
ZINC00409350,0.132377,-0.302304,0.00077,3.33552
ZINC00409834,0.145382,-0.348196,0.00169,4.55517
ZINC00409926,0.141896,-0.356575,0.00117,5.84306
ZINC00410207,0.151239,-0.318520,0.00092,2.29349
ZINC00410266,0.147779,-0.373613,0.00085,4.97296
ZINC00411421,0.174878,-0.378457,0.00218,6.01249
ZINC00429955,0.145157,-0.325567,0.00120,5.15208
ZINC00429956,0.144799,-0.324542,0.00123,5.15807
ZINC00431587,0.128834,-0.284769,0.00116,2.11840
ZINC00432230,0.154146,-0.272748,0.00094,9.41385
ZINC00433051,0.139660,-0.332670,0.00169,6.82253
ZINC00436410,0.161205,-0.376713,0.00106,2.20753
ZINC00436422,0.076195,-0.178650,0.00113,2.76883
ZINC00436444,0.165523,-0.352870,0.00110,6.22447
ZINC00438263,0.188938,-0.317441,0.00182,6.35629
ZINC00439178,0.143433,-0.339214,0.00147,4.89715
ZINC00439519,0.168553,-0.333216,0.00128,5.53325
ZINC00441621,0.142947,-0.332606,0.00105,2.18831
ZINC00441622,0.148844,-0.346082,0.00108,2.18916
ZINC00442161,0.154344,-0.314637,0.00092,5.41561
ZINC00442546,0.144082,-0.347007,0.00148,5.10046
ZINC00442547,0.144437,-0.346857,0.00149,5.09216
ZINC00442590,0.144291,-0.310587,0.00139,5.67174
ZINC00442614,0.151642,-0.344946,0.00150,5.38061
ZINC00443490,0.150257,-0.346439,0.00155,4.05863
ZINC00443521,0.149266,-0.314839,0.00109,7.71864
ZINC00443548,0.149796,-0.337114,0.00213,4.85383
ZINC00443554,0.149323,-0.334380,0.00113,5.58328
ZINC00443633,0.150342,-0.329244,0.00137,3.71225
ZINC00443670,0.152289,-0.338981,0.00103,3.65759
ZINC00443722,0.142367,-0.322684,0.00130,5.73945
ZINC00443747,0.154244,-0.343063,0.00123,3.96219
ZINC00443768,0.147892,-0.325121,0.00144,3.88589
ZINC00443827,0.152327,-0.328880,0.00132,3.69182
ZINC00444005,0.153653,-0.342696,0.00133,2.41719
ZINC00444008,0.147060,-0.334040,0.00153,3.91923
ZINC00444009,0.149568,-0.339396,0.00151,3.91531
ZINC00444089,0.145756,-0.325447,0.00130,4.85149
ZINC00444090,0.143982,-0.321334,0.00131,4.85464
ZINC00444126,0.149058,-0.331124,0.00165,3.67373
ZINC00444134,0.150361,-0.330588,0.00140,3.80310
ZINC00444300,0.152234,-0.317821,0.00133,0.81190
ZINC00444539,0.146296,-0.323843,0.00140,1.63283
ZINC00446247,0.148227,-0.364739,0.00128,6.54255
ZINC00446602,0.135622,-0.294261,0.00129,4.47852
ZINC00447541,0.146239,-0.330886,0.00126,4.03767
ZINC00447542,0.147465,-0.334222,0.00124,4.02885
ZINC00448663,0.159629,-0.226947,0.00103,5.53805
ZINC00448787,0.159494,-0.223361,0.00096,5.43689
ZINC00449240,0.194450,-0.400775,0.00098,8.67730
ZINC00449246,0.170145,-0.337282,0.00091,5.58731
ZINC00449279,0.147830,-0.337986,0.00090,4.52831
ZINC00449367,0.192958,-0.410573,0.00098,8.64025
ZINC00449420,0.175288,-0.332123,0.00105,6.13688
ZINC00449430,0.193371,-0.397892,0.00117,8.11066
ZINC00449940,0.153298,-0.339934,0.00122,3.84558
ZINC00449942,0.151078,-0.311245,0.00132,2.51105
ZINC00449943,0.150182,-0.317090,0.00137,2.05584
ZINC00449973,0.151987,-0.319192,0.00129,6.36080
ZINC00449998,0.150382,-0.315645,0.00105,1.57744
ZINC00450149,0.150406,-0.338387,0.00126,3.90596
ZINC00450245,0.147207,-0.342523,0.00140,2.07777
ZINC00450271,0.150774,-0.343421,0.00143,4.13974
ZINC00453064,0.146914,-0.325048,0.00138,5.70554
ZINC00453430,0.134324,-0.273769,0.00101,2.54988
ZINC00453432,0.154899,-0.354827,0.00104,5.50041
ZINC00453514,0.126910,-0.263071,0.00125,2.49274
ZINC00453554,0.153557,-0.352244,0.00139,4.53129
ZINC00453634,0.145532,-0.317533,0.00115,6.03262
ZINC00454786,0.143457,-0.327064,0.00142,3.15058
ZINC00455651,0.153227,-0.335287,0.00108,2.28267
ZINC00455937,0.152723,-0.334345,0.00196,5.55193
ZINC00456482,0.148270,-0.326868,0.00146,1.64207
ZINC00456745,0.152438,-0.313452,0.00101,5.56321
ZINC00456746,0.153392,-0.331126,0.00103,4.90648
ZINC00456751,0.156183,-0.305798,0.00169,4.04423
ZINC00456761,0.147890,-0.313748,0.00144,5.13720
ZINC00457073,0.149709,-0.317135,0.00174,2.01135
ZINC00457615,0.118889,-0.249544,0.00133,3.69304
ZINC00457985,0.145069,-0.326800,0.00124,3.98088
ZINC00458488,0.136987,-0.307914,0.00112,5.67407
ZINC00461710,0.144197,-0.351956,0.00151,5.40520
ZINC00461711,0.145757,-0.355744,0.00152,5.39861
ZINC00461950,0.140441,-0.325373,0.00140,4.98958
ZINC00462264,0.148107,-0.327653,0.00109,3.65624
ZINC00463409,0.158492,-0.340390,0.00116,0.60278
ZINC00464317,0.144725,-0.342575,0.00090,4.44851
ZINC00464384,0.163448,-0.342101,0.00115,2.23940
ZINC00464518,0.146960,-0.327300,0.00191,5.64705
ZINC00464710,0.178124,-0.395532,0.00177,7.71790
ZINC00464844,0.153503,-0.358567,0.00105,4.27851
ZINC00464864,0.157322,-0.312562,0.00141,4.66528
ZINC00465100,0.167808,-0.334905,0.00146,4.87363
ZINC00465161,0.142716,-0.319294,0.00192,4.99865
ZINC00466527,0.173587,-0.373337,0.00181,7.25551
ZINC00466656,0.173041,-0.373683,0.00122,0.98760
ZINC00466865,0.159547,-0.372483,0.00140,2.36997
ZINC00467332,0.165227,-0.333521,0.00098,6.33759
ZINC00468821,0.165577,-0.264507,0.00128,2.38657
ZINC00469752,0.117807,-0.253678,0.00150,4.39751
ZINC00470027,0.150155,-0.346895,0.00110,4.47663
ZINC00470389,0.150986,-0.341037,0.00124,1.51174
ZINC00470438,0.169947,-0.326105,0.00121,5.80505
ZINC00470555,0.148623,-0.312781,0.00086,5.77201
ZINC00470935,0.144101,-0.337726,0.00151,4.34907
ZINC00473220,0.164260,-0.248076,0.00122,2.99585
ZINC00475143,0.147853,-0.275346,0.00102,6.91089
ZINC00476861,0.171426,-0.360566,0.00101,7.49431
ZINC00477932,0.159462,-0.295841,0.00162,8.00851
ZINC00478125,0.100321,-0.245032,0.00143,2.47040
ZINC00479864,0.135677,-0.280013,0.00100,0.80418
ZINC00479867,0.134279,-0.273647,0.00106,0.53727
ZINC00479871,0.139120,-0.289366,0.00105,0.55573
ZINC00480745,0.123968,-0.270718,0.00174,3.18135
ZINC00480761,0.103750,-0.252659,0.00181,2.87921
ZINC00480762,0.104742,-0.258614,0.00171,2.69848
ZINC00481155,0.140399,-0.318541,0.00084,4.58290
ZINC00481363,0.200742,-0.403857,0.00150,4.46276
ZINC00481547,0.191140,-0.428525,0.00096,3.82771
ZINC00483021,0.150422,-0.283496,0.00116,2.61966
ZINC00483026,0.165766,-0.306592,0.00143,6.23855
ZINC00483031,0.157420,-0.296593,0.00098,6.13990
ZINC00483032,0.157687,-0.296691,0.00096,6.13853
ZINC00483092,0.154616,-0.287984,0.00105,6.05527
ZINC00483221,0.155262,-0.289947,0.00098,6.02038
ZINC00483350,0.155054,-0.285238,0.00125,5.74649
ZINC00483351,0.156333,-0.289251,0.00130,5.64478
ZINC00483383,0.158183,-0.273438,0.00186,2.55519
ZINC00483388,0.165826,-0.313415,0.00113,2.60279
ZINC00483459,0.149623,-0.284029,0.00121,5.57166
ZINC00483461,0.147170,-0.277461,0.00112,5.72781
ZINC00483474,0.158285,-0.305898,0.00122,5.22282
ZINC00483475,0.158834,-0.304851,0.00122,5.22971
ZINC00483506,0.156837,-0.284439,0.00102,1.80988
ZINC00483565,0.148753,-0.266721,0.00120,3.97023
ZINC00483581,0.153474,-0.286267,0.00147,5.29847
ZINC00483582,0.153213,-0.285530,0.00146,5.29361
ZINC00484132,0.147437,-0.354730,0.00145,4.87665
ZINC00484598,0.142748,-0.288155,0.00097,1.89708
ZINC00487828,0.135426,-0.303757,0.00138,6.13021
ZINC00492100,0.168110,-0.331365,0.00121,6.30103
ZINC00493594,0.143252,-0.341306,0.00134,5.57571
ZINC00497967,0.137152,-0.326213,0.00111,4.35003
ZINC00499691,0.279680,-0.540943,0.00186,6.33972
ZINC00500814,0.118982,-0.369952,0.00174,3.30777
ZINC00500815,0.127214,-0.317494,0.00168,5.15686
ZINC00501036,0.137872,-0.295673,0.00076,3.63093
ZINC00502607,0.160646,-0.270973,0.00088,6.93874
ZINC00503089,0.152432,-0.350998,0.00180,7.62330
ZINC00504191,0.147877,-0.379626,0.00086,1.48306
ZINC00505825,0.154592,-0.365864,0.00083,5.11282
ZINC00505826,0.146870,-0.346629,0.00107,5.23480
ZINC00505827,0.156475,-0.367991,0.00135,4.93001
ZINC00505828,0.167341,-0.380565,0.00163,7.54108
ZINC00505829,0.151243,-0.351277,0.00121,3.28518
ZINC00506057,0.148167,-0.317608,0.00083,3.38558
ZINC00508206,0.182745,-0.346524,0.00153,6.31735
ZINC00511205,0.150307,-0.330250,0.00193,3.48041
ZINC00512410,0.160749,-0.333139,0.00118,1.59842
ZINC00512714,0.137067,-0.313680,0.00125,5.07493
ZINC00513793,0.143934,-0.279539,0.00186,3.97516
ZINC00513795,0.148519,-0.323261,0.00187,1.14521
ZINC00513796,0.156183,-0.336826,0.00185,2.23124
ZINC00515299,0.151499,-0.321997,0.00092,2.43438
ZINC00516037,0.148083,-0.325185,0.00111,4.57686
ZINC00520304,0.138272,-0.304579,0.00148,4.88964
ZINC00521732,0.145761,-0.317592,0.00116,4.30852
ZINC00522741,0.097845,-0.288861,0.00134,3.80803
ZINC00524551,0.163457,-0.358302,0.00128,2.79287
ZINC00524558,0.165839,-0.362688,0.00101,2.81139
ZINC00524560,0.167400,-0.368281,0.00111,8.39277
ZINC00528818,0.167006,-0.362209,0.00292,3.26647
ZINC00528831,0.148290,-0.327868,0.00110,1.34016
ZINC00529116,0.148929,-0.312172,0.00119,5.11983
ZINC00529244,0.146808,-0.333728,0.00174,5.90413
ZINC00531875,0.143074,-0.317512,0.00199,4.34322
ZINC00535977,0.189313,-0.407756,0.00102,8.16854
ZINC00557440,0.130032,-0.313653,0.00095,4.57151
ZINC00557441,0.131943,-0.321126,0.00112,5.70508
ZINC00557461,0.130096,-0.309221,0.00109,4.74743
ZINC00557577,0.150960,-0.332451,0.00142,4.41474
ZINC00557608,0.150915,-0.295053,0.00146,6.86002
ZINC00557873,0.151297,-0.333529,0.00169,7.82332
ZINC00557874,0.141134,-0.336867,0.00120,6.11452
ZINC00558128,0.150503,-0.294164,0.00139,6.63745
ZINC00558447,0.158588,-0.379543,0.00116,5.46112
ZINC00558849,0.143058,-0.352141,0.00118,3.62986
ZINC00558938,0.151599,-0.308399,0.00093,5.77702
ZINC00559596,0.143335,-0.347789,0.00110,5.82265
ZINC00561178,0.142183,-0.318737,0.00116,1.96165
ZINC00561308,0.136173,-0.324180,0.00116,4.38354
ZINC00562689,0.143242,-0.284455,0.00087,2.65512
ZINC00563229,0.153750,-0.332727,0.00170,1.60525
ZINC00563230,0.155206,-0.344472,0.00185,3.03354
ZINC00563774,0.144463,-0.322811,0.00101,1.58142
ZINC00563902,0.157489,-0.372669,0.00124,2.33975
ZINC00564113,0.144237,-0.319040,0.00111,2.51290
ZINC00564363,0.137231,-0.296093,0.00110,3.74744
ZINC00566225,0.176950,-0.279129,0.00125,9.97164
ZINC00567018,0.163051,-0.331913,0.00099,4.91484
ZINC00567121,0.151318,-0.328866,0.00106,3.56260
ZINC00568233,0.128726,-0.297147,0.00167,7.50918
ZINC00568309,0.131717,-0.310549,0.00125,4.75121
ZINC00568310,0.125787,-0.304974,0.00120,4.69506
ZINC00569263,0.157872,-0.342266,0.00086,2.53112
ZINC00569780,0.178710,-0.394885,0.00165,7.65823
ZINC00570342,0.141894,-0.317397,0.00077,1.60656
ZINC00571685,0.146991,-0.318733,0.00111,3.43282
ZINC00571726,0.167360,-0.349322,0.00081,5.08864
ZINC00571754,0.145691,-0.316790,0.00114,3.34997
ZINC00571884,0.150441,-0.326152,0.00135,3.25674
ZINC00571895,0.157659,-0.353370,0.00123,4.17065
ZINC00572043,0.159397,-0.342803,0.00154,4.96216
ZINC00572045,0.150084,-0.342544,0.00163,4.41224
ZINC00574022,0.154167,-0.360864,0.00208,5.89228
ZINC00574546,0.146633,-0.351882,0.00143,6.44732
ZINC00578914,0.138579,-0.314262,0.00125,1.77298
ZINC00579318,0.141982,-0.321756,0.00085,6.08122
ZINC00580642,0.135234,-0.324931,0.00119,4.25931
ZINC00581837,0.158497,-0.330496,0.00101,5.47456
ZINC00581848,0.169637,-0.343715,0.00154,7.09202
ZINC00581849,0.164552,-0.336428,0.00120,5.06320
ZINC00581851,0.161742,-0.331287,0.00115,5.05165
ZINC00581965,0.151363,-0.331261,0.00091,2.02341
ZINC00582313,0.161037,-0.216619,0.00095,7.31295
ZINC00582541,0.156005,-0.325911,0.00131,5.39127
ZINC00582692,0.169062,-0.346314,0.00130,5.19899
ZINC00583858,0.163247,-0.360937,0.00115,6.96634
ZINC00586305,0.140289,-0.298672,0.00075,2.95146
ZINC00588031,0.156855,-0.312690,0.00155,7.00423
ZINC00588074,0.143735,-0.339313,0.00174,1.07111
ZINC00613802,0.146479,-0.344941,0.00133,5.15023
ZINC00613803,0.147564,-0.341168,0.00136,4.56457
ZINC00614031,0.146918,-0.341419,0.00169,2.87985
ZINC00614032,0.145956,-0.331357,0.00132,2.63027
ZINC00615324,0.150252,-0.345061,0.00171,7.48771
ZINC00615364,0.152358,-0.300440,0.00189,8.49244
ZINC00615890,0.170613,-0.387042,0.00094,5.34159
ZINC00616198,0.147377,-0.340779,0.00118,4.26900
ZINC00618151,0.139427,-0.312630,0.00114,5.65155
ZINC00618430,0.148545,-0.347255,0.00176,2.86855
ZINC00618513,0.166913,-0.358638,0.00163,8.00213
ZINC00619735,0.159108,-0.345503,0.00141,5.67486
ZINC00620797,0.145344,-0.309351,0.00155,5.65376
ZINC00715662,0.128592,-0.292748,0.00093,1.76168
ZINC00730511,0.149778,-0.309330,0.00067,5.76814
ZINC00834178,0.158829,-0.346661,0.00104,4.65156
ZINC00834181,0.161446,-0.353060,0.00106,4.65661
ZINC00858660,0.150463,-0.366016,0.00134,6.20652
ZINC00859266,0.145557,-0.329674,0.00087,3.47715
ZINC00900986,0.144159,-0.308842,0.00086,4.89241
ZINC00949473,0.155808,-0.362408,0.00175,5.54797
ZINC00967270,0.199179,-0.412480,0.00095,0.85465
ZINC00967464,0.174419,-0.357759,0.00093,4.45378
ZINC00972906,0.152882,-0.321150,0.00130,7.25820
ZINC00974496,0.150721,-0.349623,0.00133,6.08645
ZINC00974497,0.145025,-0.333842,0.00135,6.09116
ZINC00977117,0.101540,-0.251526,0.00146,2.22935
ZINC00980089,0.140228,-0.327440,0.00068,2.41246
ZINC00984443,0.112559,-0.265696,0.00124,1.31280
ZINC00994966,0.133851,-0.282906,0.00230,4.14012
ZINC00996005,0.167605,-0.330664,0.00128,2.16328
ZINC00996082,0.147132,-0.330227,0.00148,2.51579
ZINC00996083,0.167288,-0.348660,0.00169,2.64742
ZINC01002025,0.155770,-0.326235,0.00128,3.51983
ZINC01002169,0.135470,-0.261056,0.00096,5.69821
ZINC01002178,0.146409,-0.337733,0.00109,1.36621
ZINC01002604,0.136766,-0.287544,0.00134,3.28536
ZINC01003537,0.139758,-0.337641,0.00128,5.67642
ZINC01003750,0.146481,-0.350297,0.00062,2.51861
ZINC01006453,0.151251,-0.340557,0.00089,1.83543
ZINC01027316,0.266433,-0.606695,0.00159,4.70286
ZINC01028001,0.151613,-0.340905,0.00092,1.86972
ZINC01039555,0.121084,-0.306806,0.00084,2.18772
ZINC01042009,0.139359,-0.315550,0.00107,2.49307
ZINC01042304,0.125654,-0.283588,0.00193,3.46966
ZINC01044000,0.171680,-0.610019,0.00101,3.31441
ZINC01044001,0.172750,-0.612543,0.00102,3.31415
ZINC01048859,0.073982,-0.199167,0.00131,2.64630
ZINC01048860,0.081812,-0.227231,0.00101,2.21937
ZINC01048861,0.106863,-0.281036,0.00088,2.17843
ZINC01051484,0.139721,-0.294307,0.00117,4.82356
ZINC01052114,0.143086,-0.324904,0.00125,3.55409
ZINC01053441,0.153936,-0.342399,0.00111,2.42293
ZINC01053442,0.156692,-0.337982,0.00117,2.21971
ZINC01056529,0.148856,-0.335910,0.00099,2.93968
ZINC01056913,0.132572,-0.261237,0.00104,5.53873
ZINC01056930,0.144838,-0.319332,0.00147,4.30772
ZINC01060875,0.176608,-0.399105,0.00136,5.49019
ZINC01065784,0.152573,-0.312393,0.00108,5.04411
