mol,q_x,stderr,dipole
ZINC00000116,-0.098249,0.00121,4.64651
ZINC00000900,-0.021132,0.00138,5.68487
ZINC00001049,-0.102654,0.00193,7.08878
ZINC00001059,-0.089378,0.00110,2.59916
ZINC00001093,-0.182827,0.00202,4.45676
ZINC00002755,-0.058522,0.00188,2.19268
ZINC00002756,-0.074241,0.00167,2.19794
ZINC00003750,0.039239,0.00163,0.44809
ZINC00007253,-0.045626,0.00205,5.83079
ZINC00008563,-0.068222,0.00121,3.56432
ZINC00009896,-0.019371,0.00205,6.04847
ZINC00013614,-0.109193,0.00134,4.17888
ZINC00015508,-0.027822,0.00175,1.60128
ZINC00016970,-0.025741,0.00217,4.01760
ZINC00018288,-0.039626,0.00141,0.41370
ZINC00023690,-0.086963,0.00202,6.24956
ZINC00027678,-0.061688,0.00175,2.26131
ZINC00027891,-0.079850,0.00181,3.00766
ZINC00027999,-0.068727,0.00191,4.84256
ZINC00028151,-0.082912,0.00133,2.04248
ZINC00028224,-0.145680,0.00169,4.31067
ZINC00028225,-0.148652,0.00170,4.30845
ZINC00028391,-0.032832,0.00134,2.31189
ZINC00028461,-0.057139,0.00155,5.07857
ZINC00028472,0.014812,0.00208,6.63841
ZINC00028577,-0.043139,0.00213,9.12793
ZINC00028578,-0.062743,0.00218,7.61969
ZINC00029148,-0.061376,0.00155,3.32256
ZINC00029156,-0.063911,0.00230,4.80092
ZINC00029216,-0.071375,0.00204,3.69257
ZINC00029217,-0.045919,0.00164,2.45965
ZINC00029219,-0.070749,0.00149,3.88050
ZINC00029260,-0.065581,0.00157,4.29900
ZINC00029261,-0.068126,0.00145,4.25389
ZINC00029262,-0.065693,0.00144,4.26206
ZINC00029264,-0.106739,0.00207,4.54673
ZINC00029265,-0.105336,0.00205,4.53644
ZINC00029267,-0.039024,0.00166,5.59267
ZINC00029268,-0.075224,0.00163,6.26836
ZINC00029541,-0.089810,0.00186,3.82200
ZINC00029625,-0.079978,0.00157,5.85571
ZINC00029628,-0.058161,0.00155,4.62316
ZINC00029630,-0.067437,0.00219,2.87384
ZINC00029631,-0.068101,0.00178,2.61811
ZINC00029653,-0.076832,0.00155,4.00425
ZINC00029684,-0.063421,0.00152,4.59407
ZINC00029877,-0.047147,0.00153,3.72334
ZINC00029881,-0.071452,0.00141,3.58382
ZINC00029882,-0.069506,0.00197,4.14870
ZINC00030349,-0.035543,0.00155,5.18411
ZINC00030350,-0.033558,0.00151,5.17123
ZINC00030388,-0.065692,0.00179,3.93678
ZINC00030455,-0.085971,0.00172,4.92343
ZINC00030456,-0.083925,0.00173,4.90772
ZINC00030508,-0.075964,0.00171,4.16855
ZINC00030512,-0.085541,0.00213,5.84528
ZINC00030519,-0.090955,0.00132,5.82987
ZINC00030523,-0.081902,0.00244,5.21362
ZINC00030532,-0.082612,0.00178,4.73536
ZINC00030541,-0.091432,0.00158,5.88913
ZINC00030607,-0.093823,0.00163,6.02570
ZINC00030672,-0.062626,0.00143,5.75907
ZINC00030673,-0.070991,0.00152,2.90565
ZINC00030674,-0.071183,0.00151,2.91186
ZINC00030675,-0.071369,0.00152,2.95815
ZINC00030676,-0.071656,0.00152,2.95735
ZINC00030699,-0.093547,0.00165,5.89466
ZINC00030760,-0.081584,0.00208,4.76060
ZINC00030766,-0.072368,0.00137,3.56203
ZINC00030772,-0.081040,0.00190,4.62058
ZINC00030773,-0.085741,0.00189,4.75459
ZINC00030829,-0.055929,0.00150,3.32096
ZINC00030941,-0.070842,0.00159,4.60310
ZINC00030960,-0.037658,0.00145,5.73579
ZINC00030961,-0.041277,0.00140,5.14687
ZINC00031266,0.007730,0.00136,7.58744
ZINC00031528,-0.076502,0.00132,4.16180
ZINC00031715,-0.087930,0.00164,4.94281
ZINC00031716,-0.087124,0.00167,4.94739
ZINC00031835,0.014506,0.00222,2.33832
ZINC00031868,-0.101583,0.00209,9.18335
ZINC00032313,0.044895,0.00156,4.13500
ZINC00032330,-0.014819,0.00142,5.16985
ZINC00032333,-0.073049,0.00153,3.97770
ZINC00032334,-0.070628,0.00153,3.97061
ZINC00032362,-0.023454,0.00167,2.30939
ZINC00032601,-0.064173,0.00171,1.23053
ZINC00032648,-0.022135,0.00197,3.93273
ZINC00032900,-0.100147,0.00135,5.06078
ZINC00033120,-0.042302,0.00229,7.75918
ZINC00033516,-0.049812,0.00120,3.14088
ZINC00034056,-0.037517,0.00175,3.30047
ZINC00034313,-0.039540,0.00130,4.99034
ZINC00034390,0.015444,0.00209,2.16813
ZINC00034452,-0.088566,0.00125,4.59999
ZINC00034453,-0.085688,0.00124,4.60381
ZINC00034715,-0.017901,0.00175,2.32740
ZINC00035110,0.002127,0.00140,5.10011
ZINC00035112,-0.093629,0.00134,2.80626
ZINC00035305,-0.080281,0.00151,4.34204
ZINC00035596,-0.019453,0.00149,1.96130
ZINC00035658,0.028473,0.00163,2.11698
ZINC00035666,0.030961,0.00164,0.84782
ZINC00035730,0.000972,0.00159,3.92066
ZINC00035812,-0.054392,0.00162,4.83437
ZINC00035824,-0.058778,0.00150,2.67060
ZINC00036000,-0.040929,0.00243,4.85159
ZINC00036065,-0.035359,0.00142,6.10664
ZINC00036132,-0.082290,0.00237,4.21942
ZINC00036590,-0.112635,0.00133,6.53644
ZINC00036591,-0.109385,0.00135,6.53634
ZINC00036594,-0.026279,0.00136,2.65538
ZINC00036655,-0.069906,0.00135,3.99142
ZINC00036701,-0.100359,0.00133,6.16276
ZINC00037159,-0.044059,0.00137,3.94095
ZINC00037171,-0.015659,0.00141,3.60581
ZINC00037182,-0.021243,0.00151,2.42275
ZINC00037185,-0.022187,0.00128,2.71817
ZINC00037188,-0.024588,0.00136,3.12053
ZINC00037192,-0.059104,0.00143,5.14322
ZINC00037546,-0.070873,0.00169,4.93169
ZINC00037547,-0.067525,0.00169,4.93097
ZINC00037791,-0.046838,0.00185,4.22597
ZINC00037794,-0.064208,0.00165,4.33929
ZINC00037813,-0.047786,0.00158,6.14458
ZINC00037878,-0.053636,0.00137,4.91993
ZINC00037963,-0.080750,0.00149,3.57137
ZINC00038071,-0.077787,0.00121,3.99166
ZINC00038487,-0.062790,0.00171,3.36177
ZINC00038504,-0.069154,0.00133,2.27291
ZINC00038555,-0.073523,0.00169,5.26278
ZINC00038566,-0.076996,0.00171,5.18843
ZINC00038579,-0.074891,0.00124,5.18009
ZINC00038585,-0.056620,0.00156,4.80671
ZINC00038598,-0.084483,0.00125,1.15901
ZINC00039013,-0.081584,0.00218,4.78467
ZINC00039337,-0.086410,0.00143,5.72102
ZINC00039347,-0.073518,0.00156,5.26380
ZINC00039383,-0.068034,0.00170,1.15578
ZINC00039555,-0.060293,0.00168,2.39524
ZINC00039643,-0.089208,0.00141,3.74516
ZINC00039645,-0.067716,0.00226,4.20654
ZINC00039672,0.044508,0.00172,5.53742
ZINC00039686,0.040577,0.00202,3.39848
ZINC00039698,0.019559,0.00178,3.52444
ZINC00039699,0.016871,0.00183,4.17043
ZINC00039775,-0.064849,0.00190,3.99356
ZINC00039795,-0.030175,0.00167,3.41611
ZINC00039862,-0.030884,0.00141,6.36508
ZINC00039865,-0.018737,0.00177,5.30107
ZINC00039866,0.038113,0.00194,3.34860
ZINC00039944,-0.038806,0.00127,7.24538
ZINC00039965,-0.134557,0.00143,4.12977
ZINC00040037,-0.072563,0.00151,2.68884
ZINC00040076,0.032410,0.00180,3.63562
ZINC00040078,0.041825,0.00157,3.93976
ZINC00040282,-0.066188,0.00154,3.31855
ZINC00040541,-0.082958,0.00179,5.28205
ZINC00041182,-0.071181,0.00150,2.80492
ZINC00041361,-0.082763,0.00146,4.51737
ZINC00042373,-0.022468,0.00263,3.06600
ZINC00042557,-0.018886,0.00159,1.82716
ZINC00042560,0.056760,0.00142,3.87040
ZINC00043528,-0.071673,0.00155,6.19687
ZINC00043555,-0.010201,0.00223,2.12793
ZINC00043729,-0.042321,0.00172,3.72884
ZINC00043791,-0.018515,0.00225,3.25035
ZINC00043794,-0.042432,0.00154,2.16631
ZINC00043804,-0.036903,0.00158,2.20732
ZINC00043845,-0.135092,0.00155,4.63418
ZINC00045768,-0.015419,0.00169,5.55463
ZINC00045870,-0.067062,0.00209,5.59030
ZINC00045937,-0.073764,0.00132,5.22821
ZINC00046054,-0.086219,0.00139,4.25924
ZINC00046087,-0.019185,0.00147,11.75273
ZINC00046149,-0.088549,0.00139,2.98497
ZINC00046165,-0.086112,0.00146,2.88203
ZINC00046172,-0.065146,0.00189,5.57563
ZINC00046285,0.002339,0.00151,0.80635
ZINC00046289,0.018457,0.00136,7.33744
ZINC00046301,-0.067815,0.00120,4.44649
ZINC00046450,-0.081863,0.00146,2.54645
ZINC00047515,-0.032817,0.00139,2.71972
ZINC00047651,-0.090693,0.00168,6.15284
ZINC00047668,-0.039120,0.00150,1.33822
ZINC00047719,-0.096191,0.00192,5.61675
ZINC00049933,-0.054576,0.00210,1.95677
ZINC00050010,-0.062717,0.00144,5.64840
ZINC00050101,-0.065172,0.00135,4.66206
ZINC00050225,-0.092067,0.00163,5.85964
ZINC00050226,-0.091974,0.00163,5.85576
ZINC00050322,-0.062703,0.00147,4.73957
ZINC00050842,-0.064665,0.00175,5.60691
ZINC00051118,-0.057353,0.00126,5.40706
ZINC00051190,-0.033578,0.00142,3.28055
ZINC00051196,-0.079453,0.00153,4.25279
ZINC00051201,0.005240,0.00153,2.40856
ZINC00052476,-0.077780,0.00159,2.24379
ZINC00052477,-0.079344,0.00175,2.23507
ZINC00053085,0.010760,0.00229,6.56687
ZINC00053260,-0.063690,0.00152,5.65191
ZINC00053438,-0.063776,0.00134,3.11705
ZINC00053986,0.016821,0.00142,5.02374
ZINC00054464,0.137402,0.00202,3.65090
ZINC00054707,-0.052734,0.00163,2.90700
ZINC00054737,-0.068092,0.00144,3.72235
ZINC00054769,-0.010661,0.00126,1.04993
ZINC00054898,-0.043496,0.00129,4.38813
ZINC00054920,-0.060021,0.00138,1.86576
ZINC00055022,-0.090176,0.00193,7.03369
ZINC00055206,-0.074806,0.00176,4.62576
ZINC00055393,-0.065292,0.00285,4.11512
ZINC00055457,-0.040853,0.00179,5.48526
ZINC00055979,0.012810,0.00163,7.22849
ZINC00056298,0.004587,0.00173,2.07584
ZINC00056430,-0.015294,0.00137,6.46601
ZINC00056431,-0.029852,0.00171,5.27156
ZINC00056468,-0.014153,0.00166,3.37154
ZINC00056471,-0.070122,0.00143,3.53852
ZINC00056493,-0.078304,0.00145,4.57967
ZINC00056495,-0.091313,0.00233,5.85230
ZINC00056496,-0.093896,0.00247,5.93529
ZINC00056541,-0.075653,0.00156,3.52018
ZINC00056542,-0.061352,0.00142,2.31962
ZINC00056641,-0.090243,0.00159,2.40207
ZINC00056642,-0.090136,0.00160,2.39813
ZINC00056672,-0.052236,0.00154,5.31974
ZINC00056674,0.003284,0.00154,1.90826
ZINC00056691,0.026141,0.00126,3.06542
ZINC00056692,-0.070216,0.00139,1.54175
ZINC00056737,-0.059026,0.00132,0.39451
ZINC00056741,-0.040575,0.00123,2.46023
ZINC00056762,-0.066424,0.00165,1.69389
ZINC00056767,-0.079331,0.00154,4.03067
ZINC00056812,0.014415,0.00138,3.33271
ZINC00056813,0.040568,0.00157,4.31937
ZINC00056819,-0.056462,0.00135,3.31994
ZINC00056843,-0.029044,0.00109,2.75047
ZINC00056858,-0.050538,0.00166,5.88165
ZINC00056883,-0.052597,0.00147,4.40301
ZINC00056914,-0.041677,0.00135,6.42679
ZINC00056920,-0.017997,0.00142,4.38660
ZINC00057048,-0.055991,0.00119,3.59711
ZINC00057049,-0.000889,0.00147,1.26475
ZINC00057050,-0.074755,0.00130,4.44466
ZINC00057055,-0.056071,0.00165,3.09739
ZINC00057110,-0.086754,0.00173,3.47952
ZINC00057119,-0.085340,0.00192,3.59373
ZINC00057131,-0.080837,0.00154,6.83050
ZINC00057132,-0.075267,0.00146,8.92273
ZINC00057133,-0.060375,0.00180,1.48793
ZINC00057570,-0.008403,0.00141,5.76321
ZINC00057793,-0.012278,0.00131,5.17517
ZINC00057797,-0.084028,0.00174,4.57119
ZINC00057828,-0.061740,0.00125,4.24599
ZINC00057930,-0.048891,0.00137,4.57664
ZINC00057933,-0.023246,0.00141,5.05711
ZINC00057985,-0.056648,0.00135,6.06873
ZINC00057986,-0.044051,0.00131,7.03679
ZINC00058140,-0.065122,0.00138,4.13781
ZINC00058220,-0.070659,0.00161,2.36590
ZINC00058286,-0.069125,0.00166,2.45686
ZINC00058481,-0.007783,0.00196,4.44567
ZINC00058660,-0.054611,0.00197,4.68906
ZINC00059531,-0.061490,0.00138,9.93514
ZINC00059583,-0.070752,0.00198,7.20794
ZINC00059594,-0.091330,0.00133,4.15612
ZINC00061054,-0.055967,0.00240,5.21276
ZINC00061087,-0.056278,0.00229,7.40848
ZINC00061115,-0.079684,0.00219,2.50741
ZINC00061149,-0.103154,0.00174,5.90844
ZINC00061487,-0.082406,0.00180,1.90685
ZINC00061489,-0.062109,0.00166,1.96540
ZINC00061508,-0.087131,0.00130,5.64710
ZINC00061528,-0.061188,0.00176,3.23610
ZINC00061866,-0.081861,0.00139,5.85848
ZINC00061876,-0.106162,0.00137,5.00403
ZINC00062704,-0.062164,0.00134,6.00405
ZINC00062739,-0.064154,0.00315,3.30915
ZINC00062821,-0.080593,0.00180,2.72704
ZINC00062926,-0.053226,0.00133,5.65673
ZINC00063176,-0.110224,0.00157,7.60491
ZINC00063302,-0.059594,0.00151,6.68525
ZINC00063652,-0.030761,0.00116,0.20841
ZINC00063654,-0.043207,0.00131,1.57954
ZINC00063727,-0.070431,0.00160,0.59342
ZINC00065055,0.003629,0.00137,3.11736
ZINC00065167,-0.020851,0.00155,4.85001
ZINC00065179,-0.040762,0.00161,3.98976
ZINC00065216,-0.064921,0.00158,2.65024
ZINC00065218,-0.065648,0.00155,2.62657
ZINC00065254,-0.013411,0.00152,6.13012
ZINC00065698,-0.058583,0.00145,5.81173
ZINC00066776,-0.065567,0.00127,4.60925
ZINC00066777,-0.063673,0.00161,4.06784
ZINC00067125,-0.075602,0.00155,3.55680
ZINC00067745,-0.095900,0.00170,6.30468
ZINC00067798,-0.044978,0.00200,6.03268
ZINC00069552,-0.077259,0.00174,5.50625
ZINC00070110,-0.059583,0.00150,4.17055
ZINC00070354,-0.092418,0.00165,5.10410
ZINC00070443,-0.070221,0.00180,6.11795
ZINC00070611,-0.042362,0.00149,5.60065
ZINC00070616,-0.076170,0.00145,2.63374
ZINC00070620,-0.077600,0.00145,2.62727
ZINC00070650,-0.030804,0.00159,8.00403
ZINC00070795,-0.196189,0.00133,19.34671
ZINC00070798,-0.196606,0.00133,19.34713
ZINC00071423,-0.047248,0.00164,2.34221
ZINC00071428,-0.037951,0.00200,1.54291
ZINC00071433,-0.046276,0.00157,3.32920
ZINC00071487,-0.040569,0.00174,1.85177
ZINC00071498,-0.046583,0.00151,5.29188
ZINC00073414,-0.093210,0.00182,5.08614
ZINC00074254,-0.115820,0.00180,1.21971
ZINC00074572,-0.036203,0.00142,4.75748
ZINC00075328,-0.046466,0.00176,4.79625
ZINC00075468,-0.090442,0.00222,6.54628
ZINC00075740,-0.068884,0.00152,3.64515
ZINC00075743,-0.069271,0.00151,3.53210
ZINC00075744,-0.069072,0.00175,3.65898
ZINC00076037,-0.054796,0.00108,1.64484
ZINC00076115,-0.040140,0.00164,1.49315
ZINC00076131,-0.053716,0.00146,2.04931
ZINC00076151,-0.047071,0.00129,1.42832
ZINC00076203,-0.071931,0.00169,1.54428
ZINC00076543,-0.015698,0.00160,8.86122
ZINC00077513,-0.040688,0.00157,4.33282
ZINC00077849,-0.046292,0.00170,2.02170
ZINC00077919,0.001678,0.00175,3.54737
ZINC00077948,-0.025246,0.00180,4.59023
ZINC00077953,0.002950,0.00160,1.77181
ZINC00078145,-0.012268,0.00155,5.58083
ZINC00078184,-0.075333,0.00156,3.09159
ZINC00078186,-0.066953,0.00139,2.43281
ZINC00078195,0.130991,0.00202,1.87627
ZINC00078236,-0.083934,0.00138,2.15863
ZINC00078254,-0.027596,0.00129,2.83951
ZINC00078381,-0.091003,0.00193,2.00661
ZINC00078401,-0.068486,0.00155,6.37939
ZINC00078426,-0.070027,0.00159,6.09628
ZINC00078823,-0.156482,0.00220,5.94235
ZINC00078830,-0.148985,0.00160,6.75601
ZINC00078938,-0.071855,0.00181,5.54160
ZINC00078965,-0.055287,0.00215,4.85811
ZINC00079129,-0.073590,0.00163,4.75785
ZINC00079356,-0.027391,0.00175,4.55022
ZINC00079357,-0.016309,0.00193,5.20233
ZINC00079414,-0.086528,0.00136,3.94495
ZINC00079622,-0.019180,0.00131,1.25532
ZINC00080592,-0.080672,0.00188,5.73842
ZINC00080649,-0.076326,0.00156,3.95565
ZINC00080723,-0.053940,0.00149,3.08060
ZINC00080761,-0.043854,0.00235,7.73651
ZINC00080820,-0.064361,0.00160,2.80296
ZINC00080917,0.021055,0.00194,10.21336
ZINC00081029,-0.038411,0.00138,3.60754
ZINC00081120,-0.089070,0.00134,4.65100
ZINC00081142,-0.096878,0.00138,4.92514
ZINC00081184,0.094641,0.00145,3.55640
ZINC00081283,0.073315,0.00185,3.67216
ZINC00081968,-0.008384,0.00150,1.42348
ZINC00082793,-0.006509,0.00178,2.69958
ZINC00082872,0.009836,0.00206,2.37400
ZINC00082883,-0.076772,0.00146,5.47352
ZINC00083108,-0.085691,0.00191,3.68311
ZINC00083568,-0.024488,0.00156,4.78031
ZINC00083723,-0.024274,0.00168,4.97801
ZINC00083767,-0.055011,0.00260,6.56004
ZINC00084084,0.021127,0.00215,4.01371
ZINC00084200,-0.043472,0.00149,2.78557
ZINC00084347,-0.054565,0.00143,3.55051
ZINC00084367,-0.072415,0.00152,5.95266
ZINC00084398,-0.084566,0.00136,5.49271
ZINC00084522,-0.114161,0.00154,2.63996
ZINC00084525,-0.113638,0.00151,2.81677
ZINC00084528,-0.116053,0.00153,2.80901
ZINC00084940,-0.071979,0.00148,2.97367
ZINC00084955,-0.080811,0.00146,4.27583
ZINC00084958,-0.078261,0.00143,4.28353
ZINC00085103,-0.148611,0.00138,4.35396
ZINC00085133,-0.048398,0.00168,5.95687
ZINC00085134,-0.042795,0.00182,5.96386
ZINC00085321,-0.075210,0.00163,4.27281
ZINC00085619,-0.067363,0.00150,2.55340
ZINC00086658,-0.064507,0.00130,4.83817
ZINC00086796,-0.094958,0.00216,4.33040
ZINC00087284,-0.136348,0.00174,2.15788
ZINC00087584,0.014664,0.00125,2.06737
ZINC00087846,0.004836,0.00128,4.05090
ZINC00088308,-0.079741,0.00163,4.16179
ZINC00088362,-0.062898,0.00148,5.19459
ZINC00088596,-0.093879,0.00231,4.98393
ZINC00088605,-0.061503,0.00191,3.99420
ZINC00088611,-0.095544,0.00225,5.30855
ZINC00089326,-0.090170,0.00136,4.34089
ZINC00089354,-0.079461,0.00128,4.59352
ZINC00090139,-0.010534,0.00165,3.19769
ZINC00090363,-0.052381,0.00141,2.72099
ZINC00090365,-0.006569,0.00218,12.58502
ZINC00090368,-0.012737,0.00221,12.59141
ZINC00090522,-0.004420,0.00138,5.73044
ZINC00090971,0.034162,0.00136,3.05552
ZINC00091049,-0.060068,0.00135,2.40771
ZINC00091814,-0.050655,0.00134,6.12517
ZINC00092215,-0.042881,0.00190,5.23959
ZINC00092665,-0.090124,0.00160,5.30845
ZINC00092929,-0.034016,0.00114,4.04793
ZINC00093017,0.037713,0.00175,3.92104
ZINC00093105,-0.057304,0.00181,6.95117
ZINC00093580,-0.040453,0.00132,6.09158
ZINC00093613,-0.077583,0.00198,4.65185
ZINC00094486,-0.041490,0.00163,5.11266
ZINC00094623,-0.064685,0.00133,5.35200
ZINC00094997,-0.035085,0.00170,4.16509
ZINC00095003,-0.013568,0.00186,1.66382
ZINC00095077,-0.047722,0.00156,2.22579
ZINC00095277,-0.020311,0.00167,3.38237
ZINC00095282,0.018961,0.00136,7.40599
ZINC00095854,-0.069329,0.00167,4.90811
ZINC00096181,-0.029141,0.00157,3.38658
ZINC00096356,-0.062934,0.00154,4.64386
ZINC00096524,-0.086032,0.00154,5.17195
ZINC00096534,-0.071834,0.00151,1.56700
ZINC00096540,0.028957,0.00139,1.50850
ZINC00096915,-0.061756,0.00150,7.62558
ZINC00096959,-0.042090,0.00156,7.56864
ZINC00097015,-0.063123,0.00181,5.60714
ZINC00097124,-0.131145,0.00152,2.36979
ZINC00097303,-0.086339,0.00133,1.22888
ZINC00097306,-0.088354,0.00165,0.85711
ZINC00097319,-0.077040,0.00138,4.20517
ZINC00097635,-0.051324,0.00138,2.58161
ZINC00097639,0.046311,0.00168,4.62013
ZINC00097706,-0.036924,0.00136,1.24846
ZINC00097808,-0.058166,0.00133,4.04558
ZINC00097930,0.070974,0.00150,7.25467
ZINC00097954,-0.026810,0.00126,7.22512
ZINC00097995,-0.067948,0.00133,3.61643
ZINC00098040,-0.089226,0.00249,6.77793
ZINC00098065,-0.054279,0.00143,6.51550
ZINC00098285,-0.046138,0.00169,0.76380
ZINC00098654,-0.051732,0.00129,1.46884
ZINC00098868,-0.051888,0.00215,4.60128
ZINC00099023,-0.111093,0.00123,4.45849
ZINC00099934,-0.069552,0.00214,2.68107
ZINC00099978,-0.020948,0.00147,6.43450
ZINC00099981,-0.040122,0.00148,5.16631
ZINC00100044,0.000963,0.00129,4.99751
ZINC00100380,-0.065327,0.00139,4.38098
ZINC00100415,-0.080178,0.00123,3.60515
ZINC00100435,-0.082444,0.00125,2.62169
ZINC00100493,-0.082292,0.00129,2.86735
ZINC00100528,-0.069482,0.00144,4.88782
ZINC00100703,-0.050652,0.00148,2.62797
ZINC00100706,-0.049047,0.00136,4.13347
ZINC00100710,-0.041400,0.00129,4.42507
ZINC00100868,-0.069315,0.00271,4.18813
ZINC00100999,-0.009358,0.00169,5.73681
ZINC00101006,-0.028507,0.00163,3.94209
ZINC00101108,-0.090918,0.00133,3.22184
ZINC00101292,-0.091592,0.00158,5.80846
ZINC00101309,-0.074365,0.00128,3.50065
ZINC00101481,-0.038790,0.00152,5.11146
ZINC00101490,0.024308,0.00211,3.82303
ZINC00101491,-0.039970,0.00190,5.43365
ZINC00101505,-0.042947,0.00149,5.09844
ZINC00101510,-0.031258,0.00137,5.32475
ZINC00101709,-0.089941,0.00146,5.12753
ZINC00101750,-0.079915,0.00165,3.03491
ZINC00103414,-0.090717,0.00169,1.67757
ZINC00103486,-0.077219,0.00233,3.28621
ZINC00105308,-0.058275,0.00150,6.32299
ZINC00105675,-0.084854,0.00193,3.69980
ZINC00105890,-0.142932,0.00174,6.96227
ZINC00105894,-0.139188,0.00174,6.96545
ZINC00105907,-0.072119,0.00191,5.10412
ZINC00106403,-0.102361,0.00144,5.31127
ZINC00106630,-0.113553,0.00209,3.95820
ZINC00106637,-0.094553,0.00210,5.77648
ZINC00106647,-0.103352,0.00207,5.78843
ZINC00106751,-0.042866,0.00219,5.94743
ZINC00107398,-0.123407,0.00145,6.53517
ZINC00107399,-0.122819,0.00145,6.54378
ZINC00107603,-0.070167,0.00150,0.15770
ZINC00108210,0.018847,0.00175,1.68597
ZINC00108545,-0.028465,0.00183,3.02984
ZINC00108590,0.002557,0.00192,5.45151
ZINC00108808,-0.070694,0.00152,2.78493
ZINC00109585,-0.025373,0.00190,4.92619
ZINC00109598,-0.073374,0.00196,6.55163
ZINC00109885,-0.019293,0.00116,3.54216
ZINC00110310,-0.090590,0.00170,2.59128
ZINC00110605,-0.078046,0.00189,4.53099
ZINC00110955,-0.000261,0.00167,7.41134
ZINC00111351,-0.056497,0.00224,2.90827
ZINC00111434,-0.037783,0.00169,1.14473
ZINC00111529,-0.051578,0.00187,4.08423
ZINC00111749,-0.033762,0.00149,6.16509
ZINC00111805,-0.086279,0.00216,5.85667
ZINC00113713,-0.035218,0.00127,1.21164
ZINC00113845,-0.051734,0.00215,6.40484
ZINC00113981,-0.074186,0.00157,3.02094
ZINC00114185,-0.051558,0.00141,7.47341
ZINC00115021,0.064695,0.00380,2.83256
ZINC00115331,-0.083593,0.00243,3.58472
ZINC00115960,-0.049892,0.00150,6.76179
ZINC00115967,-0.050318,0.00156,5.68971
ZINC00116354,-0.088593,0.00144,6.31071
ZINC00116441,-0.045551,0.00160,4.75509
ZINC00116459,-0.031861,0.00191,5.60261
ZINC00116462,-0.030587,0.00171,6.56861
ZINC00116521,-0.032549,0.00198,4.41070
ZINC00116858,-0.036103,0.00170,5.21441
ZINC00117406,-0.045729,0.00131,4.87707
ZINC00117664,0.020575,0.00205,1.52545
ZINC00117680,0.011566,0.00205,3.35534
ZINC00117954,-0.046644,0.00132,6.74476
ZINC00118230,-0.078002,0.00184,3.87396
ZINC00118399,0.031814,0.00210,0.98806
ZINC00118519,0.015214,0.00189,1.37454
ZINC00118665,-0.050342,0.00143,1.42777
ZINC00119264,-0.080433,0.00126,5.48995
ZINC00120081,0.010686,0.00159,4.77116
ZINC00120279,-0.024149,0.00185,3.13499
ZINC00120421,-0.022684,0.00159,4.26011
ZINC00120426,-0.020467,0.00157,4.25757
ZINC00120444,-0.056414,0.00132,2.21561
ZINC00120460,-0.057059,0.00120,1.64734
ZINC00120494,-0.089898,0.00117,2.50068
ZINC00120684,-0.067801,0.00182,6.05362
ZINC00121087,-0.038095,0.00206,2.47650
ZINC00121088,-0.041430,0.00177,3.91200
ZINC00121095,-0.040232,0.00153,2.62477
ZINC00121128,-0.034864,0.00155,2.11478
ZINC00121171,-0.164594,0.00182,5.42364
ZINC00121646,-0.039769,0.00182,1.55746
ZINC00122197,-0.008844,0.00193,7.47033
ZINC00122367,0.039925,0.00159,2.66302
ZINC00123019,-0.072626,0.00142,1.56935
ZINC00123023,-0.076247,0.00141,3.34712
ZINC00123025,-0.065530,0.00153,3.37412
ZINC00123115,-0.064926,0.00190,4.03230
ZINC00123122,-0.074918,0.00141,4.98073
ZINC00123720,0.013485,0.00216,6.42604
ZINC00124717,0.011373,0.00130,4.71301
ZINC00124725,-0.029547,0.00270,2.96334
ZINC00124767,-0.074609,0.00202,3.31287
ZINC00124849,-0.032177,0.00159,4.21289
ZINC00124999,-0.084775,0.00132,5.40101
ZINC00125115,-0.042488,0.00205,5.50227
ZINC00125179,0.014681,0.00275,2.81924
ZINC00125354,-0.027210,0.00146,6.60668
ZINC00125634,-0.045271,0.00127,5.16025
ZINC00125921,0.000148,0.00253,3.17599
ZINC00126009,0.070768,0.00196,0.69317
ZINC00126389,0.019175,0.00270,1.62572
ZINC00126805,-0.081771,0.00121,3.34733
ZINC00127624,-0.068285,0.00207,5.82188
ZINC00127750,-0.060082,0.00148,0.18373
ZINC00127817,-0.098196,0.00153,5.46476
ZINC00127819,-0.098716,0.00156,5.47158
ZINC00128378,-0.073437,0.00125,4.79972
ZINC00128387,-0.076485,0.00198,3.49915
ZINC00128476,-0.012257,0.00176,4.91328
ZINC00128874,-0.059336,0.00165,0.58279
ZINC00128877,-0.086277,0.00184,5.36674
ZINC00128894,-0.048075,0.00130,2.73332
ZINC00129331,-0.083484,0.00170,1.73037
ZINC00129601,-0.069136,0.00165,4.67687
ZINC00129656,-0.044195,0.00163,3.59676
ZINC00129808,-0.073736,0.00195,3.77682
ZINC00129901,-0.078585,0.00171,1.36452
ZINC00130906,0.009792,0.00214,7.33231
ZINC00131440,-0.088368,0.00170,0.89860
ZINC00131905,0.015717,0.00153,2.28292
ZINC00132330,0.000809,0.00208,4.08133
ZINC00132910,-0.046150,0.00166,4.79697
ZINC00133243,-0.063974,0.00128,5.56107
ZINC00133245,-0.064353,0.00118,4.00614
ZINC00133384,0.021400,0.00155,2.60636
ZINC00133417,-0.026996,0.00143,5.37628
ZINC00133582,-0.070665,0.00143,3.28626
ZINC00133848,-0.057154,0.00146,3.76813
ZINC00134010,-0.086536,0.00149,2.65778
ZINC00134516,-0.048806,0.00247,5.15579
ZINC00134535,-0.080143,0.00177,3.42794
ZINC00135038,-0.056053,0.00172,5.25458
ZINC00135312,-0.081058,0.00278,3.29366
ZINC00135409,-0.047117,0.00141,2.48759
ZINC00135673,-0.098179,0.00159,4.34203
ZINC00135678,-0.104451,0.00179,5.69650
ZINC00135721,0.010331,0.00146,2.15156
ZINC00135915,-0.025536,0.00203,8.78669
ZINC00135922,-0.013599,0.00219,8.41822
ZINC00135937,-0.029205,0.00150,1.98294
ZINC00136031,-0.060061,0.00142,3.47303
ZINC00136104,-0.085698,0.00168,4.07668
ZINC00136156,-0.073534,0.00193,2.88950
ZINC00136712,-0.086788,0.00166,4.30646
ZINC00136753,-0.065659,0.00145,5.16414
ZINC00136774,-0.094186,0.00138,6.26861
ZINC00136957,-0.065426,0.00142,4.08671
ZINC00137444,-0.081960,0.00229,1.38483
ZINC00137469,-0.055111,0.00133,4.16118
ZINC00138211,-0.038991,0.00217,1.99223
ZINC00138386,-0.103112,0.00247,4.90629
ZINC00138390,-0.040318,0.00202,7.00602
ZINC00138392,-0.041809,0.00205,7.01564
ZINC00138396,-0.036416,0.00198,3.66079
ZINC00138441,-0.054520,0.00205,3.94447
ZINC00138444,-0.057562,0.00206,3.95063
ZINC00138446,-0.062980,0.00243,4.72525
ZINC00138474,0.024182,0.00146,2.61925
ZINC00138486,-0.072642,0.00142,3.21513
ZINC00138493,0.027449,0.00180,3.53235
ZINC00138603,-0.014976,0.00154,0.86612
ZINC00138728,-0.016026,0.00164,3.84524
ZINC00138926,-0.030462,0.00148,9.55744
ZINC00138951,-0.021375,0.00185,8.97167
ZINC00139162,-0.014533,0.00189,6.71161
ZINC00139726,-0.089640,0.00164,6.64548
ZINC00139774,-0.044620,0.00198,3.63300
ZINC00140099,-0.075891,0.00180,0.73008
ZINC00140121,-0.075783,0.00129,2.79845
ZINC00140135,-0.068967,0.00139,1.59141
ZINC00140140,-0.079698,0.00151,2.53880
ZINC00141151,-0.075425,0.00141,3.20248
ZINC00141154,-0.051901,0.00170,6.75429
ZINC00141156,-0.059526,0.00174,3.46872
ZINC00141161,-0.052766,0.00170,6.96928
ZINC00142129,0.024956,0.00199,2.81587
ZINC00142163,0.036823,0.00145,7.62294
ZINC00142367,-0.081220,0.00154,6.24531
ZINC00142634,-0.067078,0.00198,1.74606
ZINC00142659,-0.071282,0.00156,5.06993
ZINC00142717,-0.073273,0.00178,5.35402
ZINC00142719,-0.073207,0.00173,4.30409
ZINC00142738,0.016588,0.00188,0.65855
ZINC00142739,-0.015671,0.00125,6.90883
ZINC00143063,-0.093267,0.00140,4.23789
ZINC00143091,-0.069746,0.00155,1.45004
ZINC00143115,-0.054970,0.00154,1.46219
ZINC00143151,-0.064899,0.00160,4.99952
ZINC00143267,-0.057361,0.00170,1.46095
ZINC00143313,-0.010295,0.00150,4.22034
ZINC00143447,0.025947,0.00153,2.39651
ZINC00143449,0.024588,0.00208,3.74092
ZINC00143581,-0.076092,0.00204,3.20036
ZINC00143699,-0.082044,0.00146,2.01849
ZINC00144818,-0.082035,0.00211,5.58821
ZINC00145633,-0.095102,0.00148,5.80047
ZINC00145668,-0.054320,0.00137,1.62221
ZINC00146421,-0.069900,0.00224,2.78440
ZINC00146560,-0.082967,0.00153,5.44421
ZINC00146653,-0.074150,0.00208,4.27843
ZINC00146675,-0.051312,0.00134,1.51665
ZINC00147807,-0.019752,0.00122,3.33483
ZINC00147911,-0.023813,0.00148,5.34209
ZINC00147912,-0.069479,0.00136,3.23422
ZINC00147919,-0.045527,0.00154,7.08892
ZINC00147926,-0.035133,0.00202,6.48241
ZINC00148290,-0.038708,0.00151,2.77591
ZINC00148568,-0.063445,0.00130,6.21225
ZINC00148798,-0.007347,0.00273,5.44273
ZINC00148996,-0.082771,0.00136,4.76546
ZINC00149003,-0.059551,0.00141,4.99562
ZINC00149010,-0.068375,0.00142,2.01296
ZINC00149035,-0.017571,0.00157,2.16270
ZINC00149040,-0.056172,0.00174,4.83901
ZINC00149144,-0.076975,0.00140,3.35165
ZINC00149149,-0.054205,0.00133,3.76099
ZINC00149192,-0.068345,0.00142,6.06624
ZINC00149523,-0.052172,0.00142,3.65860
ZINC00149528,-0.051180,0.00162,4.79576
ZINC00149543,-0.059155,0.00139,1.86780
ZINC00149549,-0.056057,0.00137,1.77850
ZINC00149704,-0.088937,0.00175,5.09433
ZINC00150145,-0.084239,0.00150,4.85060
ZINC00150252,-0.088534,0.00200,5.37507
ZINC00150594,-0.049381,0.00161,8.31417
ZINC00151222,-0.087758,0.00199,4.94914
ZINC00151257,-0.037677,0.00155,2.11374
ZINC00151323,-0.053394,0.00142,2.05785
ZINC00151410,-0.083504,0.00214,3.61723
ZINC00151430,-0.075018,0.00141,2.87983
ZINC00151784,-0.077068,0.00132,1.50972
ZINC00151799,-0.069427,0.00127,1.76102
ZINC00151807,-0.078163,0.00135,5.60069
ZINC00151852,-0.029790,0.00167,4.92414
ZINC00151853,-0.047344,0.00166,3.98055
ZINC00151855,-0.033058,0.00155,3.51960
ZINC00151906,-0.019083,0.00169,4.42518
ZINC00151909,-0.010840,0.00144,4.66343
ZINC00151910,0.005073,0.00133,4.88258
ZINC00151911,-0.025534,0.00165,4.46974
ZINC00152056,-0.096881,0.00184,6.15515
ZINC00152128,-0.028263,0.00123,1.50423
ZINC00152354,-0.156051,0.00146,0.81903
ZINC00152356,-0.157712,0.00145,0.81822
ZINC00152357,-0.181447,0.00190,2.63160
ZINC00152358,-0.165560,0.00196,2.06348
ZINC00152384,-0.163898,0.00150,1.79406
ZINC00152385,-0.164742,0.00150,1.79706
ZINC00152390,-0.145909,0.00169,3.86177
ZINC00152392,-0.147523,0.00169,3.86731
ZINC00152514,0.037797,0.00148,7.20631
ZINC00152682,-0.022114,0.00115,1.65642
ZINC00152741,-0.036356,0.00239,7.48255
ZINC00152769,-0.062766,0.00131,1.77513
ZINC00152790,-0.082877,0.00127,1.88216
ZINC00152830,-0.068506,0.00166,3.93700
ZINC00152846,-0.043603,0.00141,3.88794
ZINC00152861,-0.046060,0.00129,3.74316
ZINC00152873,-0.104368,0.00153,3.47458
ZINC00152939,-0.058542,0.00114,4.32311
ZINC00152960,-0.068126,0.00124,3.47913
ZINC00152971,-0.050387,0.00160,2.91212
ZINC00153096,-0.063288,0.00141,5.90805
ZINC00153250,-0.161479,0.00143,2.53066
ZINC00153294,-0.134911,0.00154,2.65031
ZINC00153335,-0.070459,0.00133,2.13175
ZINC00153354,-0.044190,0.00129,3.88973
ZINC00153408,-0.018171,0.00180,4.38218
ZINC00153448,-0.008592,0.00138,4.77110
ZINC00153449,-0.004262,0.00162,3.61859
ZINC00153475,-0.036767,0.00127,3.86908
ZINC00153498,-0.042261,0.00171,4.69913
ZINC00153526,-0.201481,0.00158,3.44461
ZINC00153532,-0.032176,0.00146,7.08799
ZINC00153629,-0.148813,0.00134,2.35382
ZINC00153631,-0.043693,0.00134,2.81207
ZINC00153635,-0.133596,0.00194,3.48918
ZINC00153650,-0.056690,0.00133,6.96385
ZINC00153741,-0.090731,0.00136,1.80015
ZINC00153835,-0.052155,0.00154,3.17702
ZINC00153864,-0.030310,0.00158,2.47187
ZINC00153889,-0.025172,0.00168,6.47669
ZINC00153980,-0.076128,0.00171,1.83311
ZINC00153984,-0.063006,0.00157,3.43405
ZINC00154074,-0.024894,0.00168,1.80417
ZINC00154087,-0.025924,0.00198,3.96202
ZINC00154107,-0.057916,0.00186,5.87584
ZINC00154135,-0.056480,0.00194,7.41867
ZINC00154143,-0.026284,0.00183,4.39264
ZINC00154501,-0.057821,0.00147,9.52237
ZINC00154502,-0.091134,0.00151,4.29842
ZINC00154641,-0.064571,0.00169,3.42247
ZINC00154738,-0.074476,0.00143,4.95712
ZINC00154750,-0.086484,0.00128,3.12777
ZINC00154955,-0.145163,0.00168,4.94120
ZINC00155120,0.023696,0.00172,2.68230
ZINC00155137,-0.016520,0.00122,4.05408
ZINC00155138,-0.042289,0.00129,4.55221
ZINC00155265,-0.078382,0.00113,4.68905
ZINC00155319,-0.161029,0.00144,2.43760
ZINC00155332,-0.037089,0.00147,5.73565
ZINC00155338,-0.161143,0.00170,5.11295
ZINC00155380,-0.182262,0.00241,4.95206
ZINC00155464,-0.026380,0.00119,6.02467
ZINC00155506,-0.083428,0.00124,3.25747
ZINC00155638,-0.149492,0.00132,5.83664
ZINC00155714,0.036569,0.00188,6.14583
ZINC00155729,-0.093514,0.00166,5.56391
ZINC00156198,-0.041596,0.00190,4.29665
ZINC00156247,-0.053349,0.00226,4.39945
ZINC00156323,-0.053969,0.00128,2.63344
ZINC00156416,-0.081574,0.00135,3.93991
ZINC00156417,-0.101944,0.00144,1.99326
ZINC00156422,-0.079780,0.00147,8.37333
ZINC00156461,-0.091412,0.00165,3.69964
ZINC00156527,-0.122711,0.00170,3.05068
ZINC00156624,-0.045615,0.00114,5.12639
ZINC00156696,-0.066788,0.00223,6.29870
ZINC00157030,-0.056358,0.00127,1.60683
ZINC00157049,-0.025188,0.00141,4.32939
ZINC00157164,-0.026539,0.00150,5.07648
ZINC00157191,-0.092427,0.00161,2.36181
ZINC00157192,-0.099408,0.00166,3.76540
ZINC00157195,-0.006672,0.00122,2.70455
ZINC00157202,-0.056574,0.00135,3.13864
ZINC00157203,-0.022721,0.00124,0.60929
ZINC00157206,-0.044487,0.00142,3.19921
ZINC00157209,-0.078966,0.00126,4.45440
ZINC00157212,-0.051073,0.00129,5.31297
ZINC00157218,-0.087678,0.00154,4.70506
ZINC00157220,-0.036093,0.00120,3.75311
ZINC00157221,-0.024567,0.00148,4.17210
ZINC00157224,-0.041744,0.00135,3.40595
ZINC00157478,-0.176215,0.00163,3.36829
ZINC00157479,-0.182774,0.00166,3.48632
ZINC00157687,-0.049893,0.00135,2.03166
ZINC00157698,-0.046522,0.00155,3.18888
ZINC00157932,-0.109502,0.00149,3.24630
ZINC00157949,-0.121802,0.00122,4.41552
ZINC00157950,-0.110074,0.00115,1.61317
ZINC00157954,-0.105927,0.00114,1.61287
ZINC00157955,-0.117472,0.00116,3.00707
ZINC00158044,-0.083929,0.00129,1.82836
ZINC00158102,-0.086888,0.00193,5.28963
ZINC00158177,-0.156060,0.00177,2.82570
ZINC00158179,-0.157935,0.00176,2.82125
ZINC00158192,-0.180436,0.00195,1.99450
ZINC00158195,-0.074348,0.00139,2.73908
ZINC00158488,-0.073547,0.00146,3.16122
ZINC00158493,-0.048758,0.00153,3.15912
ZINC00158496,-0.140884,0.00148,2.94644
ZINC00158507,-0.022438,0.00152,2.07757
ZINC00158537,-0.085259,0.00126,2.20523
ZINC00158541,-0.069380,0.00137,5.40624
ZINC00158545,-0.057981,0.00162,2.25242
ZINC00158549,-0.018262,0.00156,2.04297
ZINC00158559,-0.086703,0.00145,6.93227
ZINC00158562,0.006054,0.00148,2.57649
ZINC00158584,-0.096949,0.00159,5.88432
ZINC00158586,-0.118249,0.00183,3.91796
ZINC00158589,-0.080369,0.00158,3.31375
ZINC00158591,-0.059558,0.00166,2.27584
ZINC00158594,-0.039575,0.00167,3.00147
ZINC00158600,-0.187099,0.00137,4.41534
ZINC00158601,-0.049795,0.00125,4.26822
ZINC00158610,-0.049478,0.00156,2.43955
ZINC00158611,-0.142569,0.00141,3.57445
ZINC00158618,0.042949,0.00170,1.37120
ZINC00158620,-0.059459,0.00199,1.61456
ZINC00158623,-0.064632,0.00178,5.91969
ZINC00158624,-0.117075,0.00185,2.45639
ZINC00158626,0.022798,0.00189,2.65001
ZINC00158630,-0.079631,0.00137,5.47476
ZINC00158632,0.011523,0.00148,1.95500
ZINC00158636,-0.063482,0.00144,2.43385
ZINC00158652,-0.010152,0.00169,3.51388
ZINC00158657,-0.153044,0.00175,3.53817
ZINC00158658,-0.011249,0.00172,2.77095
ZINC00158664,-0.043403,0.00177,1.08573
ZINC00158668,-0.126056,0.00185,5.63108
ZINC00158673,-0.136796,0.00181,3.98401
ZINC00158675,-0.028313,0.00183,3.28481
ZINC00158677,-0.107022,0.00201,4.03703
ZINC00158681,-0.107011,0.00153,3.37551
ZINC00158688,-0.088808,0.00146,6.29976
ZINC00158691,0.011595,0.00144,2.56214
ZINC00158698,-0.043534,0.00175,2.02871
ZINC00158710,-0.067620,0.00170,4.03367
ZINC00158713,-0.027350,0.00184,1.38404
ZINC00158744,-0.063439,0.00166,3.03973
ZINC00158752,-0.087913,0.00182,5.21204
ZINC00158757,-0.068015,0.00185,4.35423
ZINC00158791,0.010284,0.00192,2.13047
ZINC00158795,-0.065904,0.00209,0.69770
ZINC00158805,-0.034868,0.00164,2.91152
ZINC00158817,-0.078150,0.00170,4.77560
ZINC00158820,-0.048945,0.00164,3.12712
ZINC00158828,-0.134707,0.00157,2.13946
ZINC00158838,-0.149281,0.00229,3.41873
ZINC00158839,-0.065502,0.00232,3.31006
ZINC00158845,-0.098453,0.00182,4.16082
ZINC00158846,-0.097221,0.00183,4.15828
ZINC00158849,-0.070080,0.00178,5.61908
ZINC00158870,0.003112,0.00193,2.72740
ZINC00158882,-0.155889,0.00166,2.82374
ZINC00158902,-0.142318,0.00189,2.32611
ZINC00158914,-0.087532,0.00184,2.71188
ZINC00158927,0.016953,0.00167,1.59318
ZINC00158929,-0.078293,0.00184,5.28690
ZINC00158941,-0.141195,0.00172,3.77441
ZINC00158949,-0.086640,0.00174,5.39675
ZINC00158960,-0.142910,0.00141,2.78063
ZINC00158962,-0.063750,0.00138,1.86467
ZINC00158979,-0.046502,0.00132,4.43344
ZINC00158986,-0.161073,0.00184,4.30515
ZINC00159026,-0.079948,0.00187,1.95750
ZINC00159031,0.025949,0.00129,3.22698
ZINC00159035,-0.153972,0.00135,2.33419
ZINC00159054,-0.058467,0.00127,4.00029
ZINC00159060,-0.039137,0.00176,3.61297
ZINC00159064,-0.050785,0.00197,3.07463
ZINC00159070,0.022900,0.00135,0.20235
ZINC00159077,0.024639,0.00162,1.78759
ZINC00159088,-0.058592,0.00132,5.70264
ZINC00159089,-0.124504,0.00127,4.86686
ZINC00159090,-0.120818,0.00125,4.86136
ZINC00159091,-0.055657,0.00180,6.61662
ZINC00159251,-0.071603,0.00129,4.00879
ZINC00159313,-0.029498,0.00129,2.10358
ZINC00159322,-0.046053,0.00161,4.32813
ZINC00159329,-0.041137,0.00188,3.52497
ZINC00159333,-0.154283,0.00135,3.60275
ZINC00159432,-0.055850,0.00134,8.53596
ZINC00159460,-0.072333,0.00137,4.57509
ZINC00159473,-0.048930,0.00151,1.30315
ZINC00159514,-0.078662,0.00232,2.60602
ZINC00159518,-0.083417,0.00285,2.01755
ZINC00159787,-0.055061,0.00112,3.08490
ZINC00159789,-0.089816,0.00111,2.09034
ZINC00160077,-0.142329,0.00161,3.59207
ZINC00160079,-0.146656,0.00161,3.59384
ZINC00160131,-0.004199,0.00117,1.75202
ZINC00160132,0.047035,0.00138,3.61012
ZINC00160133,-0.074708,0.00118,0.41279
ZINC00160272,-0.053436,0.00131,4.88240
ZINC00160295,-0.205728,0.00140,4.32911
ZINC00160335,-0.097349,0.00134,3.78985
ZINC00160409,-0.105877,0.00160,4.69748
ZINC00160410,-0.065777,0.00160,4.06015
ZINC00160462,-0.072614,0.00146,2.41088
ZINC00160498,-0.084972,0.00133,4.23056
ZINC00160499,-0.078089,0.00132,4.59082
ZINC00160732,-0.087190,0.00146,6.49045
ZINC00160915,-0.051718,0.00130,4.67328
ZINC00160918,-0.024896,0.00139,4.65231
ZINC00161063,0.126471,0.00134,5.58078
ZINC00161263,-0.081386,0.00142,6.92845
ZINC00161264,-0.112155,0.00120,4.74275
ZINC00161265,-0.108956,0.00120,4.73628
ZINC00161267,-0.082925,0.00143,6.93369
ZINC00161343,0.059269,0.00183,6.49909
ZINC00161361,-0.031490,0.00124,3.55259
ZINC00161371,-0.007761,0.00126,4.63229
ZINC00161472,-0.016202,0.00157,3.16344
ZINC00161484,-0.017836,0.00152,2.62225
ZINC00161514,-0.146944,0.00158,2.17428
ZINC00161515,-0.145007,0.00159,2.17519
ZINC00161647,0.025867,0.00163,7.60613
ZINC00161650,-0.037562,0.00171,3.31379
ZINC00161832,-0.099829,0.00147,4.06256
ZINC00161846,-0.113180,0.00164,2.05122
ZINC00161919,-0.083901,0.00152,5.84734
ZINC00161932,0.018035,0.00172,3.18639
ZINC00161936,-0.075948,0.00143,6.65425
ZINC00161943,-0.065813,0.00120,5.67919
ZINC00161952,0.007513,0.00163,2.21052
ZINC00161970,0.004488,0.00139,0.72174
ZINC00161973,-0.080257,0.00157,4.33371
ZINC00162028,-0.079612,0.00153,5.53204
ZINC00162117,-0.040161,0.00169,7.48597
ZINC00162134,-0.101076,0.00114,0.88919
ZINC00162137,-0.073365,0.00142,1.94377
ZINC00162150,-0.064766,0.00131,3.11569
ZINC00162566,0.058675,0.00124,2.83806
ZINC00162611,-0.069164,0.00178,5.41119
ZINC00162645,-0.042721,0.00154,3.77627
ZINC00162646,-0.039364,0.00144,3.93015
ZINC00162650,-0.041816,0.00143,3.81512
ZINC00162812,0.030473,0.00146,5.23692
ZINC00162813,0.024899,0.00163,5.12603
ZINC00162814,0.027887,0.00164,5.12376
ZINC00162855,-0.097823,0.00148,2.11569
ZINC00162856,-0.094368,0.00144,2.11449
ZINC00163122,-0.045064,0.00176,2.98006
ZINC00163212,0.005334,0.00156,6.30219
ZINC00163227,-0.007522,0.00227,0.69215
ZINC00163230,-0.003216,0.00167,8.06552
ZINC00163319,-0.043772,0.00154,3.97692
ZINC00163392,-0.186256,0.00145,3.87795
ZINC00163394,-0.176414,0.00140,3.88270
ZINC00163541,-0.078054,0.00133,7.68132
ZINC00163597,-0.155318,0.00156,2.94268
ZINC00163599,-0.156311,0.00154,2.94287
ZINC00163642,-0.035258,0.00157,5.31648
ZINC00163718,-0.111030,0.00142,2.59318
ZINC00163719,-0.149749,0.00157,1.63215
ZINC00163720,-0.149232,0.00158,1.63236
ZINC00163729,-0.077419,0.00160,7.90566
ZINC00163856,-0.025329,0.00131,2.15496
ZINC00163887,-0.133759,0.00168,2.70320
ZINC00163889,-0.115990,0.00165,2.68678
ZINC00163890,-0.146814,0.00168,2.92418
ZINC00163891,-0.136143,0.00163,2.91409
ZINC00163915,-0.089195,0.00209,5.18994
ZINC00163916,-0.094273,0.00210,5.19264
ZINC00164245,-0.042913,0.00217,4.54694
ZINC00164411,0.035497,0.00162,6.68016
ZINC00164414,-0.065768,0.00147,1.44100
ZINC00164454,-0.110675,0.00129,4.66560
ZINC00164469,-0.074386,0.00154,3.50649
ZINC00164569,-0.032232,0.00140,3.49376
ZINC00164583,-0.018080,0.00120,0.15945
ZINC00164585,-0.010117,0.00125,5.69417
ZINC00164588,-0.047627,0.00132,2.23360
ZINC00164599,-0.051589,0.00136,2.89130
ZINC00164677,-0.083968,0.00142,3.40503
ZINC00164691,-0.064390,0.00120,0.79127
ZINC00164754,-0.034110,0.00116,1.63684
ZINC00164760,-0.140639,0.00129,2.19753
ZINC00164768,-0.056552,0.00131,2.64874
ZINC00164772,-0.026385,0.00213,3.08147
ZINC00164799,-0.163862,0.00126,2.51808
ZINC00164813,-0.050178,0.00107,2.15825
ZINC00164817,-0.059455,0.00122,4.04141
ZINC00164847,-0.024268,0.00208,2.80904
ZINC00164862,-0.136841,0.00133,2.72292
ZINC00164864,-0.072128,0.00133,3.73729
ZINC00164872,-0.058499,0.00141,1.01181
ZINC00164892,-0.062606,0.00229,1.66126
ZINC00164900,-0.159371,0.00122,2.31084
ZINC00164904,-0.055382,0.00120,0.71598
ZINC00164920,-0.049050,0.00111,1.84824
ZINC00164925,-0.032042,0.00204,5.13122
ZINC00164947,-0.029828,0.00119,3.47551
ZINC00164993,-0.068774,0.00192,6.94734
ZINC00165102,-0.040948,0.00181,4.96361
ZINC00165178,-0.022034,0.00178,3.87006
ZINC00165422,-0.138003,0.00139,2.83985
ZINC00165648,-0.076091,0.00164,3.93123
ZINC00165696,-0.058043,0.00137,4.55234
ZINC00165872,-0.043068,0.00136,3.71919
ZINC00165944,-0.098796,0.00143,3.78053
ZINC00165998,-0.066691,0.00235,4.08402
ZINC00166064,-0.036526,0.00125,2.54128
ZINC00166109,-0.060701,0.00183,7.52209
ZINC00166315,-0.059235,0.00155,0.92066
ZINC00166483,-0.049010,0.00168,3.99636
ZINC00166552,-0.081990,0.00174,2.05640
ZINC00166626,-0.073936,0.00125,3.61815
ZINC00166810,-0.081334,0.00131,2.46577
ZINC00166819,-0.061171,0.00115,6.74771
ZINC00166834,-0.145334,0.00137,2.41209
ZINC00166959,0.023286,0.00158,2.27492
ZINC00167004,-0.093421,0.00143,2.17457
ZINC00167040,-0.138620,0.00130,3.45998
ZINC00167156,-0.046715,0.00152,3.11166
ZINC00167168,-0.089936,0.00252,2.31075
ZINC00167212,-0.055836,0.00141,4.01328
ZINC00167233,-0.080379,0.00133,1.26064
ZINC00167257,-0.063584,0.00168,4.23069
ZINC00167267,-0.064798,0.00160,3.17148
ZINC00167462,-0.090830,0.00153,3.98505
ZINC00167540,-0.060090,0.00159,4.80167
ZINC00167615,-0.049943,0.00157,4.02351
ZINC00167684,-0.079718,0.00178,4.52163
ZINC00167690,-0.082908,0.00181,4.37594
ZINC00167850,-0.109886,0.00174,2.43024
ZINC00167916,-0.038532,0.00145,3.51578
ZINC00168115,0.019316,0.00140,1.58973
ZINC00168343,-0.133877,0.00174,3.35853
ZINC00168449,-0.075777,0.00140,2.02470
ZINC00168674,-0.053889,0.00170,2.26889
ZINC00168678,-0.067520,0.00166,3.07339
ZINC00168841,-0.042116,0.00179,5.48857
ZINC00168844,-0.045308,0.00189,2.08745
ZINC00168845,-0.055758,0.00181,1.95424
ZINC00169138,-0.065694,0.00180,3.73079
ZINC00169144,-0.069606,0.00184,4.55276
ZINC00169157,-0.063885,0.00147,3.59183
ZINC00169255,-0.094907,0.00159,3.47902
ZINC00169285,0.000205,0.00122,4.42826
ZINC00169338,-0.065248,0.00222,2.12470
ZINC00169446,-0.081535,0.00219,3.02172
ZINC00169544,0.046085,0.00184,2.54390
ZINC00169610,-0.091814,0.00144,7.04486
ZINC00169735,-0.081424,0.00176,5.56790
ZINC00169737,-0.068771,0.00156,5.80192
ZINC00169797,-0.089842,0.00145,2.45807
ZINC00169845,-0.068918,0.00176,2.18977
ZINC00169982,0.008529,0.00167,1.86693
ZINC00170010,-0.053277,0.00186,1.78208
ZINC00170023,-0.075453,0.00211,5.14862
ZINC00170027,-0.060609,0.00204,4.02836
ZINC00170029,-0.062732,0.00205,4.03687
ZINC00170030,-0.066974,0.00267,6.68515
ZINC00170061,-0.081687,0.00155,1.85331
ZINC00170062,-0.085107,0.00166,4.18964
ZINC00170128,-0.009754,0.00130,4.41311
ZINC00170134,-0.067219,0.00147,2.04529
ZINC00170148,0.010719,0.00141,3.45272
ZINC00170308,0.016527,0.00141,6.04246
ZINC00170475,-0.037842,0.00168,7.47396
ZINC00170564,-0.056150,0.00183,2.89115
ZINC00170665,-0.101021,0.00164,5.60598
ZINC00170668,-0.103460,0.00147,5.78478
ZINC00170695,-0.057712,0.00191,2.15046
ZINC00171090,-0.014226,0.00152,6.07472
ZINC00171108,-0.008390,0.00150,6.32108
ZINC00171250,-0.016229,0.00152,5.48315
ZINC00171287,-0.092038,0.00133,5.13258
ZINC00171537,0.081918,0.00203,6.52339
ZINC00171986,-0.080663,0.00136,0.48391
ZINC00172069,-0.065572,0.00208,3.74392
ZINC00172255,-0.046017,0.00179,5.62151
ZINC00173091,0.075679,0.00150,2.07951
ZINC00173180,-0.044890,0.00178,5.36402
ZINC00173182,-0.046427,0.00133,5.34817
ZINC00173185,-0.043257,0.00185,5.39425
ZINC00173186,-0.063819,0.00116,1.72894
ZINC00173187,-0.087306,0.00130,3.28081
ZINC00173191,-0.079238,0.00163,2.29838
ZINC00173252,-0.048958,0.00132,4.19239
ZINC00173341,-0.058233,0.00117,1.73441
ZINC00173359,-0.078376,0.00112,3.79254
ZINC00173460,-0.094084,0.00182,4.95284
ZINC00173534,-0.031488,0.00165,2.27074
ZINC00173750,-0.095534,0.00145,3.93728
ZINC00173753,-0.098298,0.00146,6.01480
ZINC00174773,-0.091089,0.00140,4.25684
ZINC00174799,-0.043819,0.00136,1.90336
ZINC00174858,0.033361,0.00214,8.29762
ZINC00175228,0.016249,0.00210,4.82924
ZINC00175246,-0.046332,0.00140,2.27993
ZINC00175309,-0.043058,0.00151,2.71914
ZINC00175310,-0.045181,0.00143,2.69301
ZINC00175452,-0.065691,0.00174,3.18245
ZINC00175617,0.031560,0.00227,5.44796
ZINC00175707,-0.063977,0.00197,5.18132
ZINC00177191,-0.077400,0.00138,0.95631
ZINC00178092,-0.006917,0.00136,4.33264
ZINC00178230,0.007787,0.00214,3.13621
ZINC00179028,-0.047881,0.00157,1.40027
ZINC00179361,-0.063502,0.00298,1.72591
ZINC00179532,-0.072463,0.00122,3.17522
ZINC00179705,-0.040537,0.00184,0.58651
ZINC00179935,-0.054336,0.00167,4.73322
ZINC00180503,-0.119728,0.00185,4.40835
ZINC00180505,-0.119969,0.00185,4.41822
ZINC00180634,0.051731,0.00193,4.06278
ZINC00180798,-0.080050,0.00167,3.99791
ZINC00182296,-0.093725,0.00189,2.48643
ZINC00182358,-0.018288,0.00120,3.23843
ZINC00182360,0.023722,0.00175,4.14422
ZINC00182398,-0.094806,0.00186,3.97608
